fixed_acidity,volatile_acidity,citric_acid,residual_sugar,chlorides,total_sulfur_dioxide,density,pH,sulphates,alcohol,m_sulfur_dioxide
8.4,0.6,0.1,1.1631508098056809,0.085,4.718498871295094,0.9964,3.15,0.66,9.8,3.373493975903614
9.9,0.35,0.41,1.1939224684724346,0.083,4.127134385045092,0.9982,3.21,0.5,9.5,2.6128266033254155
6.8,0.59,0.1,0.9932517730102834,0.063,3.9889840465642745,0.9958,3.41,0.67,9.7,7.709750566893423
6.5,0.51,0.15,1.3862943611198906,0.064,3.332204510175204,0.9929,3.33,0.59,12.8,2.771362586605081
6.8,0.56,0.03,0.9932517730102834,0.084,3.58351893845611,0.9968,3.44,0.63,10.0,4.054054054054054
7.8,0.46,0.26,1.0647107369924282,0.088,3.9889840465642745,0.9981,3.43,0.74,9.2,5.191873589164786
7.8,0.56,0.19,1.0986122886681096,0.081,4.6913478822291435,0.9962,3.32,0.54,9.5,3.935185185185185
11.2,0.4,0.5,1.0986122886681096,0.099,3.9318256327243257,0.99783,3.1,0.58,10.4,4.634146341463415
6.6,0.56,0.14,1.2237754316221157,0.064,3.4011973816621555,0.99397,3.42,0.62,11.7,2.9411764705882355
7.8,0.52,0.25,1.0647107369924282,0.081,3.6635616461296463,0.9984,3.43,0.65,9.0,3.160270880361174
7.6,0.63,0.03,1.0986122886681096,0.08,3.784189633918261,0.99578,3.44,0.64,10.9,6.081081081081082
6.7,0.76,0.02,1.0296194171811583,0.078,2.5649493574615367,0.996,3.55,0.63,9.95,1.3186813186813187
9.4,0.615,0.28,1.4350845252893227,0.087,4.290459441148391,1.0001,3.31,0.53,9.7,4.176334106728538
7.1,0.36,0.3,0.9555114450274365,0.08,4.2626798770413155,0.99693,3.44,0.5,9.4,7.882882882882884
6.1,0.64,0.02,1.2237754316221157,0.069,3.8501476017100584,0.99358,3.47,0.45,11.0,5.8165548098433995
7.1,0.71,0.0,1.0647107369924282,0.08,3.58351893845611,0.9972,3.47,0.55,9.4,3.1319910514541385
7.7,0.18,0.34,1.308332819650179,0.066,4.07753744390572,0.9947,3.37,0.78,11.8,3.4324942791762014
8.9,0.43,0.45,1.0647107369924282,0.052,2.833213344056216,0.9948,3.35,0.7,12.5,1.3793103448275863
7.0,0.65,0.02,1.1314021114911006,0.066,3.258096538021482,0.9972,3.47,0.67,9.5,1.7897091722595075
7.9,0.24,0.4,0.9555114450274365,0.056,3.258096538021482,0.9967,3.32,0.87,8.7,2.5462962962962963
8.4,0.635,0.36,1.0986122886681096,0.089,4.02535169073515,0.99745,3.31,0.57,10.4,3.4802784222737815
10.0,0.26,0.54,1.0647107369924282,0.083,4.31748811353631,0.99451,2.98,0.63,11.8,10.552763819095478
9.1,0.34,0.42,1.0296194171811583,0.058,2.9444389791664403,0.99392,3.18,0.55,11.4,2.1531100478468903
6.0,0.5,0.04,1.1631508098056809,0.092,3.295836866004329,0.99647,3.46,0.47,10.0,2.914798206278027
8.2,0.56,0.23,1.4816045409242156,0.078,4.653960350157523,0.9976,3.28,0.62,9.4,3.271028037383178
10.0,0.56,0.24,1.1631508098056809,0.079,4.07753744390572,0.9991,3.18,0.56,10.1,4.545454545454546
9.0,0.43,0.34,1.252762968495368,0.08,4.465908118654584,0.9987,3.38,0.62,9.5,5.936073059360731
7.4,0.66,0.0,1.0296194171811583,0.075,3.713572066704308,0.9978,3.51,0.56,9.4,2.8824833702882486
8.4,0.59,0.29,1.2809338454620645,0.109,4.787491742782046,0.99801,3.15,0.5,9.1,7.469879518072289
8.2,0.78,0.0,1.1631508098056809,0.089,3.295836866004329,0.9978,3.37,0.46,9.6,2.974828375286041
6.9,0.765,0.02,1.1939224684724346,0.063,4.1588830833596715,0.9975,3.57,0.78,9.9,7.658643326039387
9.6,0.32,0.47,0.8754687373538999,0.056,3.2188758248682006,0.99695,3.22,0.82,10.3,2.1327014218009475
7.7,0.69,0.05,1.308332819650179,0.075,3.332204510175204,0.9974,3.26,0.61,9.1,3.5211267605633805
8.2,0.885,0.2,0.8754687373538999,0.086,3.4657359027997265,0.9946,3.11,0.46,10.0,1.7031630170316303
8.8,0.45,0.43,0.8754687373538999,0.076,3.091042453358316,0.99551,3.21,0.75,10.2,2.8503562945368173
7.3,0.48,0.32,1.1314021114911006,0.062,4.007333185232471,0.99728,3.3,0.65,10.0,7.209302325581396
8.7,0.52,0.09,1.252762968495368,0.091,3.912023005428146,0.9976,3.34,0.86,10.6,4.6082949308755765
10.9,0.21,0.49,1.33500106673234,0.088,3.4965075614664802,0.9972,3.22,0.68,11.7,2.606635071090047
10.5,0.59,0.49,1.1314021114911006,0.07,3.8712010109078907,0.9991,3.3,0.56,9.6,3.255813953488372
7.5,0.53,0.06,1.2809338454620645,0.086,3.8066624897703196,0.9965,3.38,0.59,10.7,4.566210045662101
7.6,0.62,0.32,1.1631508098056809,0.082,4.007333185232471,0.9966,3.36,0.52,9.4,1.6055045871559634
9.1,0.64,0.23,1.410986973710262,0.095,3.6635616461296463,0.9998,3.28,0.59,9.7,3.037383177570094
8.2,0.28,0.4,1.2237754316221157,0.052,2.3978952727983707,0.99356,3.33,0.7,12.8,0.9237875288683602
9.1,0.795,0.0,1.2809338454620645,0.096,3.295836866004329,0.9994,3.35,0.83,9.4,2.528735632183908
8.0,0.28,0.44,1.0296194171811583,0.081,4.23410650459726,0.99501,3.36,0.66,11.2,6.422018348623854
10.0,0.46,0.44,1.3609765531356006,0.065,2.1972245773362196,0.99674,3.33,0.62,12.2,0.9237875288683602
7.8,0.735,0.08,1.2237754316221157,0.092,3.7376696182833684,0.9974,3.24,0.71,9.8,2.3584905660377355
6.4,0.57,0.02,1.0296194171811583,0.067,2.4849066497880004,0.997,3.46,0.68,9.5,0.8968609865470852
7.0,0.685,0.0,1.0647107369924282,0.067,4.1588830833596715,0.9979,3.6,0.81,9.9,8.695652173913045
7.5,0.38,0.48,1.2809338454620645,0.073,4.442651256490317,0.9972,3.32,0.7,9.6,5.092592592592593
7.3,0.4,0.3,0.9932517730102834,0.08,4.382026634673881,0.9969,3.41,0.65,9.5,7.482993197278911
8.6,0.47,0.47,1.2237754316221157,0.074,3.4011973816621555,0.9979,3.08,0.46,9.5,1.7156862745098038
12.0,0.39,0.66,1.3862943611198906,0.093,3.4339872044851463,0.9996,3.18,0.63,10.8,2.870813397129187
7.2,0.52,0.07,0.8754687373538999,0.074,3.044522437723423,0.9973,3.32,0.81,9.6,1.1574074074074074
9.2,0.43,0.52,1.1939224684724346,0.083,3.1780538303479458,0.9976,3.35,0.61,11.3,3.218390804597701
8.7,0.33,0.38,1.4586150226995167,0.063,2.995732273553991,0.99468,3.3,0.73,12.0,2.3255813953488373
7.1,0.68,0.07,1.0647107369924282,0.075,3.9512437185814275,0.99685,3.38,0.52,9.5,3.6529680365296806
6.8,0.77,0.0,1.0296194171811583,0.066,3.970291913552122,0.9976,3.62,0.68,9.9,7.359307359307359
7.1,0.715,0.0,1.208960345836975,0.071,3.8712010109078907,0.99632,3.29,0.45,9.4,4.895104895104895
6.7,0.48,0.08,1.1314021114911006,0.064,3.5553480614894135,0.99552,3.33,0.64,9.7,4.157043879907621
9.8,0.37,0.39,1.252762968495368,0.079,4.189654742026425,0.99729,3.16,0.59,9.8,6.730769230769231
11.7,0.45,0.63,1.1631508098056809,0.073,3.1780538303479458,0.99974,3.21,0.69,10.9,1.66270783847981
11.9,0.39,0.69,1.33500106673234,0.095,3.58351893845611,0.9994,3.1,0.61,10.8,4.146341463414634
5.1,0.585,0.0,0.9932517730102834,0.044,4.465908118654584,0.99264,3.56,0.94,12.9,3.070175438596491
5.6,0.66,0.0,1.252762968495368,0.066,2.772588722239781,0.99256,3.52,0.58,12.9,1.5486725663716816
7.5,0.755,0.0,1.0647107369924282,0.084,2.5649493574615367,0.99672,3.34,0.49,9.7,1.3824884792626728
9.8,0.25,0.49,1.308332819650179,0.088,3.5263605246161616,0.9982,3.42,0.9,10.0,3.3936651583710407
7.0,0.55,0.13,1.1631508098056809,0.075,3.58351893845611,0.9959,3.36,0.59,9.7,3.4403669724770647
7.6,0.31,0.34,1.252762968495368,0.082,3.58351893845611,0.99356,3.22,0.59,12.5,6.161137440758293
7.0,0.62,0.1,0.8754687373538999,0.071,4.1588830833596715,0.996,3.28,0.61,9.2,6.308411214953272
6.4,0.79,0.04,1.1631508098056809,0.061,2.8903717578961645,0.99588,3.53,0.65,10.4,2.428256070640177
8.0,0.42,0.17,1.0986122886681096,0.073,2.9444389791664403,0.9972,3.29,0.61,9.2,1.3986013986013985
7.5,0.55,0.24,1.0986122886681096,0.078,3.367295829986474,0.9983,3.45,0.78,9.5,2.2471910112359548
6.5,0.34,0.27,1.33500106673234,0.067,3.8066624897703196,0.99384,3.21,0.56,12.0,1.9002375296912115
10.4,0.64,0.24,1.33500106673234,0.105,3.9889840465642745,0.9998,3.24,0.67,9.9,6.839622641509433
7.6,0.41,0.24,1.0296194171811583,0.08,2.4849066497880004,0.9962,3.28,0.59,9.5,0.9345794392523366
6.8,0.67,0.02,1.0296194171811583,0.05,2.4849066497880004,0.9962,3.48,0.52,9.5,1.1160714285714284
8.2,0.23,0.42,1.0647107369924282,0.069,2.8903717578961645,0.99376,3.21,0.54,12.3,2.137767220902613
11.6,0.53,0.66,1.536867219599265,0.121,2.70805020110221,0.9978,3.05,0.74,11.5,1.4814814814814816
8.1,0.545,0.18,1.0647107369924282,0.08,3.58351893845611,0.9972,3.3,0.59,9.0,3.0232558139534884
6.9,0.63,0.01,1.2237754316221157,0.076,3.6888794541139363,0.99522,3.34,0.53,10.8,3.2258064516129035
7.7,0.6,0.06,1.0986122886681096,0.079,3.7376696182833684,0.99697,3.39,0.62,10.1,4.328018223234624
11.6,0.475,0.4,0.8754687373538999,0.091,3.367295829986474,0.99704,3.07,0.65,10.03333333,1.4742014742014742
6.9,0.57,0.0,1.33500106673234,0.081,3.7376696182833684,0.99518,3.41,0.52,10.8,4.761904761904762
7.8,0.6,0.14,1.2237754316221157,0.086,2.772588722239781,0.9975,3.42,0.6,10.8,0.6787330316742082
11.0,0.26,0.68,1.2669476034873244,0.085,3.258096538021482,0.997,3.18,0.61,11.8,2.3923444976076556
6.2,0.43,0.22,1.0296194171811583,0.078,4.04305126783455,0.99633,3.52,0.6,9.5,4.646017699115045
9.7,0.31,0.47,0.9555114450274365,0.062,3.5263605246161616,0.9983,3.27,0.66,10.0,3.044496487119438
7.5,0.725,0.04,0.9162907318741551,0.076,2.772588722239781,0.99508,3.26,0.53,9.6,1.8779342723004695
7.6,0.48,0.31,1.33500106673234,0.07,2.772588722239781,0.99693,3.22,0.55,10.3,0.947867298578199
9.5,0.56,0.33,1.2237754316221157,0.089,4.219507705176107,0.9972,3.28,0.73,11.8,8.177570093457945
7.7,0.935,0.43,1.1631508098056809,0.114,4.74493212836325,0.997,3.25,0.73,9.2,5.176470588235294
7.9,0.43,0.21,0.9555114450274365,0.106,3.6375861597263857,0.9966,3.17,0.91,9.5,2.3980815347721824
10.2,0.67,0.39,1.0647107369924282,0.054,2.8903717578961645,0.9976,3.17,0.47,10.0,1.4388489208633093
8.7,0.675,0.1,0.9555114450274365,0.09,2.4849066497880004,0.99745,3.31,0.65,9.55,0.928074245939675
8.0,0.705,0.05,1.0647107369924282,0.074,2.995732273553991,0.9962,3.34,0.95,10.5,1.8433179723502304
9.9,0.53,0.57,1.2237754316221157,0.093,3.970291913552122,0.9971,3.19,0.76,11.6,7.1599045346062065
8.2,0.39,0.38,0.9162907318741551,0.058,3.4011973816621555,0.9962,3.26,0.74,9.8,2.347417840375587
8.7,0.82,0.02,0.7884573603642702,0.07,3.8918202981106265,0.9952,3.2,0.58,9.8,8.571428571428571
8.1,0.78,0.23,1.2809338454620645,0.059,2.772588722239781,0.997,3.37,0.56,11.3,1.1441647597254003
6.8,0.49,0.22,1.1939224684724346,0.071,3.2188758248682006,0.99438,3.41,0.83,11.3,2.947845804988662
7.9,0.66,0.0,0.8754687373538999,0.096,2.639057329615259,0.99569,3.43,0.58,9.5,1.3544018058690745
6.5,0.4,0.1,1.0986122886681096,0.076,3.8712010109078907,0.99554,3.36,0.48,9.4,6.880733944954129
9.2,0.59,0.24,1.4586150226995167,0.101,3.8712010109078907,0.9988,3.26,0.67,9.6,4.694835680751174
8.1,0.87,0.0,1.1631508098056809,0.084,3.4657359027997265,0.99656,3.25,0.5,9.8,2.3529411764705883
8.5,0.21,0.52,1.0647107369924282,0.09,3.1780538303479458,0.99648,3.36,0.67,10.4,2.064220183486239
7.5,0.4,0.12,1.3862943611198906,0.092,3.9889840465642745,0.9967,3.37,0.7,10.3,6.636155606407322
6.0,0.49,0.0,1.1939224684724346,0.068,3.5263605246161616,0.99292,3.58,0.59,12.5,3.2751091703056767
6.5,0.58,0.0,1.1631508098056809,0.096,2.639057329615259,0.99557,3.62,0.62,11.5,0.6493506493506493
6.0,0.64,0.05,1.0647107369924282,0.066,2.8903717578961645,0.99496,3.52,0.78,10.6,1.9911504424778763
6.3,0.39,0.08,0.9932517730102834,0.066,3.044522437723423,0.9954,3.34,0.58,9.4,0.6912442396313364
8.0,0.52,0.25,1.0986122886681096,0.078,4.0943445622221,0.99612,3.3,0.48,10.2,4.4186046511627906
7.3,0.585,0.18,1.2237754316221157,0.078,4.110873864173311,0.99638,3.31,0.54,9.8,3.4802784222737815
8.0,0.38,0.06,1.0296194171811583,0.078,3.912023005428146,0.99625,3.37,0.52,9.9,2.745995423340961
8.2,1.0,0.09,1.1939224684724346,0.065,3.6375861597263857,0.99685,3.32,0.55,9.0,1.6203703703703702
7.9,0.18,0.4,1.1631508098056809,0.049,4.219507705176107,0.996,3.33,0.93,11.3,8.775981524249422
7.2,0.35,0.26,1.0296194171811583,0.083,4.330733340286331,0.9968,3.4,0.58,9.5,7.499999999999999
9.4,0.3,0.56,1.33500106673234,0.08,2.8903717578961645,0.9964,3.15,0.92,11.7,1.4457831325301203
7.5,0.43,0.3,1.1631508098056809,0.062,2.5649493574615367,0.99495,3.44,0.72,11.5,1.3513513513513515
6.9,0.51,0.23,1.0986122886681096,0.072,3.1354942159291497,0.99438,3.4,0.84,11.2,2.954545454545454
11.6,0.41,0.58,1.33500106673234,0.096,4.624972813284271,1.00024,3.13,0.53,10.0,6.053268765133172
8.8,0.47,0.49,1.3609765531356006,0.085,4.709530201312334,0.9982,3.29,0.6,9.8,3.9627039627039626
6.9,0.41,0.31,1.0986122886681096,0.079,3.9512437185814275,0.99668,3.47,0.55,9.5,4.697986577181207
10.4,0.38,0.46,1.1314021114911006,0.104,2.3978952727983707,0.99664,3.12,0.65,11.8,1.4563106796116505
8.0,0.45,0.23,1.1631508098056809,0.094,3.4011973816621555,0.9962,3.21,0.49,10.2,3.800475059382423
7.6,0.735,0.02,1.252762968495368,0.071,2.70805020110221,0.99538,3.51,0.71,11.7,2.2172949002217295
6.9,0.49,0.19,0.9932517730102834,0.079,3.295836866004329,0.99547,3.38,0.64,9.8,2.9680365296803655
8.5,0.34,0.44,0.9932517730102834,0.079,2.5649493574615367,0.99605,3.52,0.63,10.7,1.3274336283185841
7.3,0.65,0.0,0.7884573603642702,0.065,3.091042453358316,0.9946,3.39,0.47,10.0,3.4168564920273345
7.4,0.36,0.29,1.2809338454620645,0.087,4.290459441148391,0.99645,3.39,0.68,11.0,5.92255125284738
9.3,0.33,0.45,0.9162907318741551,0.057,3.6375861597263857,0.99498,3.18,0.89,11.1,4.545454545454546
7.3,0.39,0.31,1.2237754316221157,0.074,3.8501476017100584,0.9962,3.41,0.54,9.4,2.0408163265306123
6.8,0.83,0.09,1.0296194171811583,0.074,3.258096538021482,0.99534,3.38,0.45,9.6,0.9132420091324202
7.7,0.58,0.01,1.0296194171811583,0.088,2.9444389791664403,0.99568,3.32,0.56,10.5,2.7777777777777777
10.2,0.34,0.48,1.1314021114911006,0.052,2.302585092994046,0.99458,3.2,0.69,12.1,1.1904761904761905
12.0,0.28,0.49,1.0647107369924282,0.074,3.091042453358316,0.9976,2.98,0.66,9.9,2.512562814070352
8.6,0.645,0.25,1.0986122886681096,0.083,3.367295829986474,0.99815,3.28,0.6,10.0,1.869158878504673
8.3,0.845,0.01,1.1631508098056809,0.07,2.70805020110221,0.9967,3.32,0.58,11.0,1.1574074074074074
7.6,0.51,0.24,1.2237754316221157,0.091,3.6635616461296463,0.998,3.47,0.66,9.6,1.7897091722595075
6.8,0.81,0.05,1.0986122886681096,0.07,2.70805020110221,0.99562,3.51,0.66,10.8,1.3303769401330379
7.8,0.5,0.3,1.0647107369924282,0.075,3.1354942159291497,0.9959,3.31,0.56,10.4,1.85614849187935
10.6,0.83,0.37,1.2809338454620645,0.086,4.2626798770413155,0.9981,3.16,0.52,9.9,6.25
6.3,0.76,0.0,1.3609765531356006,0.072,3.970291913552122,0.99379,3.51,0.6,11.5,5.764966740576497
7.3,0.73,0.24,1.0647107369924282,0.108,4.634728988229636,0.9967,3.26,0.59,9.3,4.225352112676057
8.3,0.66,0.15,1.0647107369924282,0.079,3.7612001156935624,0.9972,3.31,0.54,9.6,3.944315545243619
9.1,0.4,0.5,1.0296194171811583,0.071,2.833213344056216,0.99462,3.21,0.69,12.5,1.66270783847981
8.0,0.71,0.0,1.2809338454620645,0.08,3.5553480614894135,0.9976,3.44,0.53,9.5,2.477477477477478
8.7,0.29,0.52,0.9555114450274365,0.113,3.6375861597263857,0.9969,3.25,0.58,9.5,2.823529411764706
5.2,0.32,0.25,1.0296194171811583,0.103,3.9318256327243257,0.9957,3.38,0.55,9.2,2.9680365296803655
7.4,0.64,0.07,1.0296194171811583,0.1,3.1780538303479458,0.9961,3.3,0.58,9.6,1.8604651162790697
8.2,0.33,0.39,1.252762968495368,0.074,3.8918202981106265,0.99528,3.32,0.88,12.4,6.712962962962963
6.6,0.52,0.04,1.1631508098056809,0.069,2.772588722239781,0.9956,3.4,0.63,9.4,1.8181818181818181
6.4,0.31,0.09,0.8754687373538999,0.066,3.367295829986474,0.99459,3.42,0.7,10.0,3.3936651583710407
7.6,0.95,0.03,1.0986122886681096,0.09,3.044522437723423,0.9959,3.2,0.56,9.6,1.6666666666666665
10.2,0.36,0.64,1.3609765531356006,0.122,3.7376696182833684,0.998,3.23,0.66,12.5,2.3640661938534278
6.8,0.66,0.07,0.9555114450274365,0.07,4.127134385045092,0.99572,3.29,0.6,9.3,3.7296037296037294
8.0,0.64,0.22,1.2237754316221157,0.094,3.5263605246161616,0.99612,3.37,0.58,11.0,1.1441647597254003
7.5,0.6,0.32,1.308332819650179,0.103,4.59511985013459,0.99938,3.45,0.62,9.5,2.9213483146067416
7.3,0.67,0.02,1.1631508098056809,0.072,4.532599493153256,0.99566,3.32,0.68,11.1,7.175925925925926
7.4,0.35,0.33,1.2237754316221157,0.068,3.295836866004329,0.9947,3.36,0.6,11.9,2.064220183486239
9.9,0.35,0.38,0.9162907318741551,0.058,3.8712010109078907,0.99676,3.26,0.82,10.6,7.27699530516432
7.6,0.55,0.21,1.1631508098056809,0.071,3.367295829986474,0.9964,3.28,0.55,9.7,1.635514018691589
7.6,0.9,0.06,1.252762968495368,0.079,2.3978952727983707,0.9967,3.39,0.56,9.8,1.1389521640091114
7.1,0.47,0.0,1.1631508098056809,0.067,2.70805020110221,0.99517,3.4,0.58,10.9,1.5909090909090908
6.3,0.57,0.28,1.1314021114911006,0.048,3.912023005428146,0.99374,3.41,0.6,12.8,2.947845804988662
7.0,0.43,0.36,0.9555114450274365,0.089,3.6375861597263857,0.99615,3.34,0.56,9.2,3.2258064516129035
8.1,0.73,0.0,1.252762968495368,0.081,3.2188758248682006,0.99798,3.38,0.46,9.6,2.73972602739726
7.4,0.52,0.13,1.2237754316221157,0.078,4.127134385045092,0.99528,3.43,0.59,10.8,7.6749435665914225
12.3,0.27,0.49,1.410986973710262,0.079,3.8501476017100584,0.9993,3.2,0.8,10.2,6.666666666666666
7.2,0.73,0.02,1.252762968495368,0.076,3.7612001156935624,0.9972,3.44,0.52,9.3,3.603603603603604
7.7,0.96,0.2,1.0986122886681096,0.047,4.110873864173311,0.9955,3.36,0.44,10.9,3.4403669724770647
8.8,0.66,0.26,0.9932517730102834,0.074,3.1780538303479458,0.9971,3.15,0.74,9.2,0.9638554216867469
7.8,0.63,0.48,0.9932517730102834,0.1,4.574710978503383,0.9961,3.19,0.62,9.5,3.3412887828162297
7.7,0.715,0.01,1.1314021114911006,0.064,3.784189633918261,0.99371,3.41,0.57,11.8,7.029478458049886
7.8,0.32,0.44,1.308332819650179,0.104,2.8903717578961645,0.99732,3.33,0.78,11.0,1.8475750577367205
10.2,0.23,0.37,1.1631508098056809,0.057,3.6109179126442243,0.99614,3.23,0.49,9.3,3.3096926713947985
7.1,0.48,0.28,1.33500106673234,0.068,2.833213344056216,0.99682,3.24,0.53,10.3,1.4150943396226414
6.6,0.695,0.0,1.1314021114911006,0.075,4.04305126783455,0.9968,3.49,0.67,9.2,2.6726057906458798
7.0,0.36,0.21,1.2237754316221157,0.086,4.248495242049359,0.99556,3.4,0.53,10.1,5.454545454545454
11.9,0.38,0.49,1.308332819650179,0.098,3.7612001156935624,1.0004,3.16,0.61,10.3,2.8846153846153846
5.9,0.55,0.1,1.1631508098056809,0.062,3.9512437185814275,0.99512,3.52,0.76,11.2,8.628318584070797
8.0,0.59,0.05,1.0986122886681096,0.089,3.4965075614664802,0.99735,3.36,0.61,10.0,2.7522935779816518
7.0,0.805,0.0,1.252762968495368,0.068,3.044522437723423,0.9969,3.48,0.56,9.6,1.5624999999999998
7.5,0.38,0.57,1.1939224684724346,0.106,2.5649493574615367,0.99605,3.36,0.55,11.4,1.1467889908256883
7.2,0.645,0.0,1.0647107369924282,0.097,3.6888794541139363,0.99675,3.37,0.58,9.2,3.4324942791762014
7.2,0.38,0.38,1.33500106673234,0.068,3.7612001156935624,0.99356,3.34,0.72,12.9,5.299539170506913
10.6,0.34,0.49,1.4350845252893227,0.078,4.3694478524670215,0.9992,3.19,0.7,10.0,4.773269689737471
7.2,0.38,0.31,1.0986122886681096,0.056,3.4011973816621555,0.99472,3.23,0.76,11.3,3.5460992907801416
8.8,0.31,0.4,1.33500106673234,0.109,2.833213344056216,0.99614,3.31,0.79,11.8,1.6241299303944314
7.0,0.4,0.32,1.5260563034950494,0.061,3.4011973816621555,0.99416,3.28,0.49,11.3,2.1028037383177574
8.4,0.36,0.32,1.1631508098056809,0.081,4.382026634673881,0.9964,3.3,0.72,11.0,7.441860465116279
7.7,0.56,0.08,1.252762968495368,0.114,3.8501476017100584,0.9971,3.24,0.66,9.6,3.30188679245283
8.0,0.6,0.22,1.1314021114911006,0.08,4.663439094112067,0.99613,3.3,0.49,9.9,5.813953488372094
6.3,0.51,0.13,1.1939224684724346,0.076,3.713572066704308,0.99574,3.42,0.75,11.0,6.5610859728506785
8.2,0.64,0.27,1.0986122886681096,0.095,4.356708826689592,0.99747,3.13,0.62,9.1,1.2106537530266344
8.8,0.41,0.64,1.1631508098056809,0.093,3.7612001156935624,0.9986,3.54,0.66,10.5,1.9823788546255507
7.2,0.34,0.32,1.252762968495368,0.09,4.736198448394496,0.9966,3.32,0.79,11.1,9.953703703703702
11.6,0.58,0.66,1.1631508098056809,0.074,3.8712010109078907,1.0008,3.25,0.57,9.0,2.3529411764705883
7.7,1.005,0.15,1.1314021114911006,0.102,3.4965075614664802,0.99604,3.23,0.48,10.0,2.6004728132387704
6.6,0.96,0.0,1.0296194171811583,0.082,2.833213344056216,0.9936,3.5,0.44,11.9,1.1111111111111112
9.1,0.21,0.37,0.9555114450274365,0.067,2.3978952727983707,0.99552,3.23,0.58,11.1,1.4184397163120566
9.1,0.22,0.24,1.1314021114911006,0.078,3.367295829986474,0.999,3.41,0.87,10.3,0.22675736961451246
6.2,0.58,0.0,0.9555114450274365,0.065,2.9444389791664403,0.9966,3.56,0.84,9.4,1.7543859649122806
7.1,0.67,0.0,1.1939224684724346,0.083,3.332204510175204,0.99768,3.44,0.54,9.4,4.054054054054054
6.8,0.61,0.2,1.0296194171811583,0.077,4.189654742026425,0.9971,3.54,0.58,9.3,2.4229074889867843
5.6,0.615,0.0,0.9555114450274365,0.089,4.0943445622221,0.9943,3.58,0.52,9.9,3.493449781659389
7.1,0.59,0.0,1.1314021114911006,0.091,2.70805020110221,0.99488,3.42,0.55,11.5,2.0361990950226243
8.6,0.47,0.27,1.1939224684724346,0.055,3.367295829986474,0.99516,3.18,0.8,11.2,3.349282296650718
10.0,0.59,0.31,1.1631508098056809,0.09,4.143134726391533,0.9994,3.18,0.63,10.2,6.220095693779904
6.7,0.16,0.64,1.1314021114911006,0.059,3.970291913552122,0.99494,3.34,0.71,11.2,5.529953917050691
7.3,0.33,0.47,1.1314021114911006,0.077,2.4849066497880004,0.9958,3.33,0.53,10.3,1.1547344110854503
7.4,0.37,0.43,1.2809338454620645,0.082,4.418840607796598,0.99708,3.33,0.68,9.7,4.157043879907621
10.4,0.41,0.55,1.4350845252893227,0.076,4.007333185232471,0.9996,3.15,0.89,9.9,5.301204819277108
8.9,0.22,0.48,1.0296194171811583,0.077,4.110873864173311,0.9968,3.39,0.53,9.4,6.6059225512528466
11.8,0.26,0.52,1.0296194171811583,0.071,2.3978952727983707,0.9968,3.2,0.72,10.2,1.4285714285714286
8.5,0.585,0.18,1.1314021114911006,0.078,3.4339872044851463,0.9967,3.2,0.48,9.8,1.1904761904761905
8.3,0.6,0.25,1.1631508098056809,0.118,3.6635616461296463,0.99616,3.15,0.53,9.8,2.1686746987951806
9.6,0.38,0.31,1.252762968495368,0.096,3.912023005428146,0.9982,3.19,0.7,10.0,3.818615751789977
10.1,0.935,0.22,1.4816045409242156,0.105,4.465908118654584,1.001,3.43,0.64,11.3,2.483069977426637
9.9,0.57,0.25,1.0986122886681096,0.104,4.499809670330265,0.9963,3.04,0.9,10.1,2.9702970297029703
11.3,0.37,0.5,1.0296194171811583,0.09,3.8712010109078907,0.99734,3.15,0.57,10.5,4.8192771084337345
7.5,0.42,0.31,0.9555114450274365,0.08,3.7612001156935624,0.9978,3.31,0.64,9.0,3.4802784222737815
8.7,0.63,0.28,1.308332819650179,0.096,4.248495242049359,0.99734,3.26,0.63,10.2,3.990610328638498
7.7,0.69,0.49,1.0296194171811583,0.115,4.727387818712341,0.9968,3.21,0.71,9.3,4.750593824228028
7.2,0.41,0.3,1.1314021114911006,0.083,4.290459441148391,0.997,3.44,0.52,9.4,7.882882882882884
6.9,0.5,0.04,0.9162907318741551,0.085,3.912023005428146,0.9958,3.35,0.78,9.5,4.367816091954023
7.4,0.41,0.24,1.0296194171811583,0.066,3.8712010109078907,0.9956,3.37,0.62,10.4,4.118993135011442
10.5,0.51,0.64,1.2237754316221157,0.107,2.772588722239781,0.9973,3.09,0.66,11.8,1.466992665036675
8.6,0.45,0.31,1.2809338454620645,0.086,3.9318256327243257,0.9982,3.37,0.91,9.9,4.805491990846682
7.2,0.66,0.33,1.252762968495368,0.068,4.634728988229636,0.99414,3.27,0.78,12.8,7.962529274004685
7.6,0.79,0.21,1.1939224684724346,0.087,4.23410650459726,0.9955,3.12,0.44,9.2,5.097087378640777
8.7,0.48,0.3,1.33500106673234,0.066,3.367295829986474,0.9964,3.33,0.67,11.2,2.3094688221709005
7.4,0.63,0.07,1.2237754316221157,0.09,3.6375861597263857,0.9979,3.43,0.76,9.7,2.483069977426637
7.5,0.57,0.08,1.2809338454620645,0.089,3.332204510175204,0.99592,3.3,0.59,10.4,3.255813953488372
7.9,0.19,0.42,0.9555114450274365,0.057,3.4339872044851463,0.994,3.29,0.69,11.2,4.195804195804196
9.8,0.5,0.34,1.1939224684724346,0.094,3.828641396489095,0.99864,3.24,0.6,9.7,2.3584905660377355
8.4,0.745,0.11,1.0647107369924282,0.09,4.1588830833596715,0.9965,3.19,0.82,9.6,3.818615751789977
7.8,0.64,0.0,1.0647107369924282,0.072,4.02535169073515,0.9962,3.31,0.63,11.0,6.264501160092807
7.7,0.965,0.1,1.1314021114911006,0.112,3.1354942159291497,0.9963,3.26,0.5,9.5,2.5821596244131455
8.2,0.51,0.24,1.0986122886681096,0.079,4.465908118654584,0.99764,3.34,0.64,9.5,3.686635944700461
7.5,0.63,0.27,1.0986122886681096,0.083,4.5217885770490405,0.99616,3.26,0.58,9.8,3.990610328638498
12.3,0.5,0.49,1.1631508098056809,0.089,2.70805020110221,1.0002,3.19,0.44,9.6,1.1933174224343677
8.8,0.4,0.4,1.1631508098056809,0.079,3.970291913552122,0.998,3.44,0.64,9.2,4.2792792792792795
7.7,0.66,0.04,0.9555114450274365,0.039,2.302585092994046,0.9962,3.4,0.47,9.4,0.9090909090909091
10.7,0.67,0.22,1.308332819650179,0.107,3.5553480614894135,1.0004,3.28,0.98,9.9,3.9719626168224305
11.5,0.42,0.48,1.2809338454620645,0.077,3.044522437723423,0.99852,3.09,0.53,11.0,1.9559902200488999
7.1,0.46,0.2,1.0647107369924282,0.077,4.007333185232471,0.9956,3.37,0.64,10.4,6.407322654462242
6.4,0.37,0.25,1.0647107369924282,0.074,3.912023005428146,0.9974,3.57,0.62,9.8,4.595185995623632
7.6,0.29,0.49,1.308332819650179,0.092,4.110873864173311,0.9971,3.31,0.61,10.1,5.800464037122969
8.1,0.33,0.44,0.9162907318741551,0.042,2.5649493574615367,0.99542,3.35,0.61,10.7,1.3793103448275863
8.9,0.28,0.45,0.9932517730102834,0.067,2.5649493574615367,0.99354,3.25,0.55,12.3,1.6470588235294117
8.4,0.62,0.09,1.1631508098056809,0.084,4.6913478822291435,0.9964,3.15,0.66,9.8,2.650602409638554
9.7,0.32,0.54,1.252762968495368,0.094,4.430816798843313,0.9984,3.28,0.82,9.6,6.542056074766356
7.4,0.29,0.38,0.9932517730102834,0.062,3.4339872044851463,0.9968,3.41,0.53,9.5,2.0408163265306123
7.3,0.74,0.08,0.9932517730102834,0.094,3.828641396489095,0.99576,3.24,0.5,9.8,2.3584905660377355
6.8,0.67,0.0,1.0647107369924282,0.08,3.6888794541139363,0.99701,3.4,0.74,9.7,5.0
8.5,0.37,0.2,1.33500106673234,0.09,4.07753744390572,0.998,3.34,0.7,9.6,4.147465437788019
6.8,0.785,0.0,1.2237754316221157,0.104,3.4339872044851463,0.9966,3.52,0.55,10.7,3.097345132743363
9.0,0.785,0.24,0.9932517730102834,0.078,3.091042453358316,0.99692,3.29,0.67,10.0,2.331002331002331
8.8,0.24,0.35,0.9932517730102834,0.055,3.332204510175204,0.99394,3.14,0.59,11.3,3.1400966183574877
8.5,0.47,0.27,1.0647107369924282,0.058,3.6635616461296463,0.99518,3.16,0.85,11.1,4.326923076923077
9.3,0.61,0.26,1.4816045409242156,0.09,4.477336814478207,0.99975,3.24,0.62,9.7,5.89622641509434
6.9,0.39,0.24,1.1314021114911006,0.102,2.0794415416798357,0.99462,3.44,0.58,11.4,0.900900900900901
10.6,0.42,0.48,1.308332819650179,0.065,2.9444389791664403,0.9972,3.21,0.87,11.3,1.187648456057007
7.1,0.62,0.06,0.832909122935104,0.07,2.5649493574615367,0.9942,3.17,0.48,9.8,1.1990407673860912
9.4,0.59,0.14,1.0986122886681096,0.084,3.8918202981106265,0.9981,3.14,0.56,9.7,6.038647342995168
11.9,0.37,0.69,1.1939224684724346,0.078,3.2188758248682006,0.9958,3.0,0.65,12.8,3.0
9.2,0.67,0.1,1.3862943611198906,0.091,3.8918202981106265,0.99888,3.31,0.54,9.5,2.784222737819025
7.6,0.715,0.0,1.1314021114911006,0.068,3.58351893845611,0.99533,3.48,0.65,11.4,6.696428571428571
8.9,0.565,0.34,1.3862943611198906,0.093,4.727387818712341,0.9998,3.38,0.61,9.5,3.6529680365296806
7.6,0.4,0.29,1.0647107369924282,0.078,4.204692619390966,0.9971,3.45,0.59,9.5,6.51685393258427
6.8,0.67,0.15,1.0296194171811583,0.118,3.044522437723423,0.9954,3.42,0.67,11.3,2.9411764705882355
9.3,0.775,0.27,1.33500106673234,0.078,4.04305126783455,0.9984,3.31,0.67,10.6,5.56844547563805
7.7,0.705,0.1,1.2809338454620645,0.084,3.295836866004329,0.9976,3.39,0.49,9.7,2.0501138952164006
8.5,0.32,0.42,1.1939224684724346,0.075,2.995732273553991,0.99434,3.14,0.71,11.8,2.8985507246376807
10.0,0.31,0.47,1.2809338454620645,0.085,3.5263605246161616,0.99965,3.36,0.8,10.5,3.211009174311927
6.7,0.58,0.08,1.0296194171811583,0.097,4.189654742026425,0.9959,3.28,0.54,9.2,3.5046728971962624
10.2,0.42,0.57,1.4816045409242156,0.07,2.3978952727983707,0.9971,3.04,0.63,9.6,0.9900990099009901
7.6,0.35,0.6,1.2809338454620645,0.073,3.8066624897703196,0.99656,3.38,0.79,11.1,5.251141552511416
6.2,0.64,0.09,1.252762968495368,0.081,3.295836866004329,0.99538,3.57,0.63,12.0,3.282275711159737
11.2,0.66,0.24,1.252762968495368,0.085,3.9889840465642745,0.9993,3.06,0.72,11.0,3.940886699507389
10.0,0.35,0.47,1.0986122886681096,0.061,2.4849066497880004,0.99585,3.23,0.52,12.0,1.4184397163120566
7.7,0.58,0.1,1.0296194171811583,0.102,4.700480365792417,0.99565,3.08,0.49,9.8,6.862745098039215
5.6,0.605,0.05,1.2237754316221157,0.073,3.258096538021482,0.99258,3.56,0.55,12.9,4.166666666666666
7.9,0.33,0.23,0.9932517730102834,0.077,3.828641396489095,0.99625,3.29,0.65,9.3,4.195804195804196
9.2,0.46,0.23,1.2809338454620645,0.091,4.356708826689592,0.99922,3.15,0.51,9.4,4.337349397590361
7.0,0.69,0.0,1.0647107369924282,0.114,2.3978952727983707,0.99636,3.35,0.6,9.7,0.6896551724137931
6.8,0.775,0.0,1.3862943611198906,0.102,3.1780538303479458,0.9965,3.45,0.56,10.7,1.797752808988764
11.7,0.49,0.49,1.1631508098056809,0.083,2.772588722239781,1.0,3.19,0.43,9.2,1.1933174224343677
8.3,0.61,0.3,1.1314021114911006,0.084,3.9318256327243257,0.9972,3.4,0.61,10.2,2.5
6.8,0.48,0.25,1.0986122886681096,0.076,4.127134385045092,0.9953,3.34,0.6,10.4,6.682027649769585
6.9,0.49,0.1,1.1939224684724346,0.074,3.4339872044851463,0.9959,3.42,0.58,10.2,2.7149321266968327
7.8,0.57,0.09,1.1939224684724346,0.065,3.828641396489095,0.99417,3.46,0.74,12.7,7.623318385650224
7.3,0.59,0.26,1.0986122886681096,0.08,4.653960350157523,0.99584,3.28,0.52,9.9,3.9719626168224305
9.4,0.4,0.47,1.252762968495368,0.087,3.044522437723423,0.99772,3.15,0.5,10.5,1.4457831325301203
6.2,0.65,0.06,0.9555114450274365,0.05,2.9444389791664403,0.99348,3.57,0.54,11.95,1.312910284463895
6.9,0.685,0.0,1.252762968495368,0.105,3.6375861597263857,0.9966,3.46,0.57,10.6,4.932735426008969
5.9,0.645,0.12,1.0986122886681096,0.075,3.8066624897703196,0.99547,3.57,0.71,10.2,7.00218818380744
10.5,0.42,0.66,1.3737155789130306,0.116,3.4011973816621555,0.997,3.24,0.75,11.7,2.830188679245283
6.7,0.855,0.02,1.0647107369924282,0.064,3.6635616461296463,0.99472,3.3,0.56,10.75,6.744186046511628
9.6,0.77,0.12,1.3609765531356006,0.082,4.31748811353631,0.99865,3.3,0.64,10.4,6.976744186046512
7.1,0.35,0.29,1.252762968495368,0.096,3.9889840465642745,0.9962,3.42,0.65,11.0,4.524886877828054
9.8,0.3,0.39,0.9932517730102834,0.062,2.302585092994046,0.9948,3.14,0.57,11.5,0.7246376811594202
9.5,0.78,0.22,1.0647107369924282,0.077,3.4965075614664802,0.9988,3.26,0.56,10.6,1.4084507042253522
8.3,0.85,0.14,1.252762968495368,0.093,4.007333185232471,0.99724,3.36,0.54,10.1,2.9816513761467895
8.7,0.69,0.0,1.4350845252893227,0.084,3.5263605246161616,0.9992,3.36,0.45,9.4,2.9816513761467895
8.0,0.38,0.44,1.0647107369924282,0.098,2.772588722239781,0.9956,3.3,0.64,11.4,1.3953488372093024
7.3,0.55,0.01,1.0296194171811583,0.093,2.772588722239781,0.99514,3.35,0.58,11.0,2.0689655172413794
9.2,0.36,0.34,0.9555114450274365,0.062,2.5649493574615367,0.99667,3.2,0.67,10.5,1.1904761904761905
6.9,0.44,0.0,0.8754687373538999,0.07,3.6635616461296463,0.99438,3.32,0.58,11.4,7.4074074074074066
6.1,0.59,0.01,1.1314021114911006,0.056,2.639057329615259,0.99472,3.52,0.56,11.4,1.106194690265487
8.3,0.28,0.48,1.1314021114911006,0.093,2.5649493574615367,0.99408,3.26,0.62,12.4,1.4084507042253522
7.5,0.6,0.03,1.0296194171811583,0.095,4.605170185988092,0.995,3.35,0.54,10.1,5.74712643678161
8.2,0.57,0.26,1.1631508098056809,0.06,4.189654742026425,0.9959,3.3,0.43,10.1,6.511627906976744
8.8,0.685,0.26,0.9555114450274365,0.088,3.1780538303479458,0.99694,3.32,0.47,9.4,3.7037037037037033
7.8,0.55,0.35,1.1631508098056809,0.074,4.204692619390966,0.9974,3.25,0.56,9.2,4.9411764705882355
10.2,0.44,0.42,1.0986122886681096,0.071,3.044522437723423,0.99566,3.14,0.79,11.1,1.690821256038647
8.6,0.315,0.4,1.1631508098056809,0.079,1.9459101490553132,0.99512,3.27,0.67,11.9,0.7025761124121781
9.3,0.39,0.4,1.2809338454620645,0.073,3.295836866004329,0.9984,3.34,0.75,10.2,2.3041474654377883
8.7,0.31,0.46,0.8754687373538999,0.059,3.258096538021482,0.9966,3.36,0.76,10.1,2.522935779816514
9.2,0.56,0.18,0.9555114450274365,0.078,3.091042453358316,0.99576,3.15,0.49,9.9,2.4096385542168672
9.4,0.33,0.59,1.33500106673234,0.079,3.4339872044851463,0.9976,3.12,0.54,12.0,2.1844660194174756
10.5,0.36,0.47,1.1631508098056809,0.074,3.1780538303479458,0.99638,3.23,0.76,12.0,2.127659574468085
7.5,0.59,0.22,1.0296194171811583,0.082,4.110873864173311,0.99499,3.1,0.42,9.2,10.487804878048781
6.8,0.56,0.22,1.0296194171811583,0.074,3.2188758248682006,0.99438,3.4,0.82,11.2,3.4090909090909087
7.8,0.56,0.19,1.0296194171811583,0.104,3.8712010109078907,0.9964,3.19,0.93,9.5,2.8639618138424825
9.1,0.68,0.11,1.33500106673234,0.093,3.8066624897703196,0.99888,3.31,0.55,9.5,2.5522041763341066
9.9,0.54,0.26,1.0986122886681096,0.111,4.110873864173311,0.99709,2.94,0.98,10.2,1.7766497461928934
8.2,0.4,0.31,1.0647107369924282,0.082,3.2188758248682006,0.996,3.24,0.69,10.6,1.8867924528301885
7.2,0.45,0.15,1.0986122886681096,0.078,3.367295829986474,0.99609,3.29,0.51,9.9,2.331002331002331
6.7,0.46,0.24,0.9932517730102834,0.077,3.5553480614894135,0.9948,3.39,0.6,10.6,4.100227790432801
6.9,0.56,0.03,0.9162907318741551,0.086,3.8501476017100584,0.99522,3.53,0.57,10.6,7.94701986754967
7.4,0.49,0.27,1.1314021114911006,0.071,3.258096538021482,0.99388,3.35,0.63,12.0,3.218390804597701
11.5,0.35,0.49,1.4586150226995167,0.07,3.6375861597263857,1.0003,3.32,0.91,11.0,2.314814814814815
8.7,0.625,0.16,1.0986122886681096,0.101,3.912023005428146,0.9962,3.14,0.57,11.0,3.1400966183574877
9.1,0.3,0.34,1.0986122886681096,0.064,3.258096538021482,0.99516,3.26,0.84,11.7,2.8169014084507045
6.8,0.65,0.02,1.1314021114911006,0.078,2.772588722239781,0.99498,3.35,0.62,10.4,1.8390804597701151
6.4,0.47,0.4,1.2237754316221157,0.071,2.995732273553991,0.9963,3.56,0.73,10.6,1.7543859649122806
9.7,0.42,0.46,1.1314021114911006,0.074,2.833213344056216,0.99649,3.27,0.74,12.3,1.1709601873536302
7.1,0.59,0.01,1.1939224684724346,0.08,3.784189633918261,0.9955,3.42,0.58,10.7,6.108597285067874
8.5,0.66,0.2,1.1314021114911006,0.097,4.736198448394496,0.99733,3.13,0.48,9.2,5.5690072639225185
7.1,0.34,0.28,1.0986122886681096,0.082,4.23410650459726,0.99694,3.45,0.48,9.4,6.966292134831461
7.0,0.5,0.14,1.0296194171811583,0.078,3.1780538303479458,0.99636,3.53,0.61,10.4,2.207505518763797
10.6,0.5,0.45,1.2809338454620645,0.119,4.23410650459726,0.99708,3.23,0.72,10.9,8.037825059101655
7.0,0.59,0.0,0.9932517730102834,0.052,2.1972245773362196,0.996,3.41,0.47,10.3,0.6802721088435374
7.1,0.735,0.16,1.0647107369924282,0.1,4.356708826689592,0.9966,3.27,0.64,9.3,3.5128805620608903
9.0,0.8,0.12,1.2237754316221157,0.083,3.367295829986474,0.99836,3.33,0.65,10.4,1.8475750577367205
7.3,0.49,0.1,1.2809338454620645,0.068,2.70805020110221,0.99562,3.3,0.47,10.5,0.9302325581395349
7.4,0.7,0.0,1.0647107369924282,0.076,3.5553480614894135,0.9978,3.51,0.56,9.4,2.4390243902439024
9.5,0.735,0.1,1.1314021114911006,0.079,3.4657359027997265,0.9986,3.23,0.56,10.1,1.4184397163120566
8.4,0.56,0.04,1.0986122886681096,0.082,3.1354942159291497,0.9976,3.22,0.44,9.6,2.3696682464454972
10.1,0.43,0.4,1.2809338454620645,0.092,3.970291913552122,0.99834,3.22,0.64,10.0,3.0805687203791465
8.0,0.57,0.23,1.4350845252893227,0.073,4.787491742782046,0.99675,3.26,0.57,9.3,3.990610328638498
8.8,0.24,0.54,1.252762968495368,0.083,4.060443010546419,0.9983,3.39,0.54,9.2,5.694760820045557
11.6,0.32,0.55,1.33500106673234,0.081,4.219507705176107,1.0002,3.32,0.92,10.8,8.101851851851851
8.2,0.43,0.29,0.9555114450274365,0.081,3.828641396489095,0.99603,3.25,0.54,10.3,6.352941176470588
7.1,0.46,0.14,1.33500106673234,0.076,3.6375861597263857,0.99624,3.36,0.49,10.7,3.4403669724770647
8.1,0.725,0.22,1.1631508098056809,0.072,3.7376696182833684,0.9967,3.36,0.55,9.1,2.522935779816514
7.8,0.44,0.28,1.308332819650179,0.1,4.564348191467836,0.9966,3.22,0.67,9.4,4.265402843601895
10.4,0.28,0.54,1.308332819650179,0.105,2.995732273553991,0.9988,3.25,0.63,9.5,1.1764705882352942
10.3,0.5,0.42,1.0986122886681096,0.069,3.9512437185814275,0.9982,3.16,0.72,11.5,5.0480769230769225
7.9,0.65,0.01,1.252762968495368,0.078,3.6635616461296463,0.9963,3.34,0.74,11.7,3.9170506912442398
6.1,0.58,0.23,1.252762968495368,0.044,4.2626798770413155,0.99352,3.46,0.65,12.5,3.587443946188341
7.0,0.56,0.13,0.9555114450274365,0.077,3.7612001156935624,0.99629,3.34,0.59,9.2,5.760368663594471
7.5,0.42,0.32,1.308332819650179,0.067,3.258096538021482,0.99628,3.24,0.44,10.4,1.650943396226415
7.6,0.39,0.31,1.1939224684724346,0.082,4.276666119016055,0.9982,3.52,0.65,9.7,5.0884955752212395
7.6,0.41,0.49,1.0986122886681096,0.088,3.784189633918261,0.998,3.48,0.64,9.1,3.571428571428571
7.6,0.43,0.4,1.308332819650179,0.082,2.4849066497880004,0.99538,3.44,0.54,12.2,1.3513513513513515
6.9,0.63,0.02,1.0647107369924282,0.078,3.4339872044851463,0.99712,3.4,0.75,9.8,4.090909090909091
8.3,0.42,0.38,1.252762968495368,0.094,4.110873864173311,0.9979,3.31,0.7,10.8,5.56844547563805
6.1,0.705,0.1,1.33500106673234,0.081,3.367295829986474,0.99631,3.6,0.66,10.2,2.8260869565217392
7.3,0.98,0.05,1.1314021114911006,0.061,3.912023005428146,0.99705,3.31,0.55,9.7,4.640371229698375
10.8,0.29,0.42,0.9555114450274365,0.084,3.332204510175204,0.99545,3.28,0.73,11.9,4.4392523364485985
10.8,0.32,0.44,0.9555114450274365,0.063,3.6375861597263857,0.9985,3.22,0.78,10.0,3.791469194312796
11.6,0.23,0.57,1.0296194171811583,0.074,2.1972245773362196,0.9981,3.14,0.7,9.9,0.7246376811594202
8.6,0.63,0.17,1.3609765531356006,0.099,4.787491742782046,0.998,3.09,0.52,9.3,5.134474327628362
7.4,0.39,0.48,1.0986122886681096,0.082,4.219507705176107,0.9972,3.34,0.55,9.2,3.2258064516129035
12.0,0.63,0.5,0.8754687373538999,0.071,3.295836866004329,0.99791,3.07,0.6,10.4,1.4742014742014742
8.3,0.31,0.39,1.2237754316221157,0.078,3.784189633918261,0.99444,3.31,0.77,12.5,3.944315545243619
7.2,0.65,0.02,1.1939224684724346,0.094,3.4657359027997265,0.9993,3.67,0.8,9.7,1.0706638115631693
7.9,0.885,0.03,1.0296194171811583,0.058,2.1972245773362196,0.9972,3.36,0.33,9.1,0.9174311926605506
10.1,0.31,0.44,1.1939224684724346,0.08,3.8501476017100584,0.9988,3.32,0.67,9.7,5.092592592592593
8.9,0.75,0.14,1.252762968495368,0.086,3.4339872044851463,0.99824,3.34,0.64,10.5,2.0737327188940093
7.9,0.37,0.23,1.0296194171811583,0.077,3.912023005428146,0.9963,3.28,0.67,9.3,5.3738317757009355
9.1,0.765,0.04,0.9555114450274365,0.078,2.70805020110221,0.998,3.29,0.54,9.7,0.9324009324009324
8.0,0.6,0.08,1.2809338454620645,0.056,2.0794415416798357,0.99286,3.22,0.37,13.0,0.7109004739336492
7.6,0.46,0.11,1.2809338454620645,0.079,3.912023005428146,0.9968,3.21,0.57,10.0,2.8503562945368173
11.1,0.31,0.53,1.1631508098056809,0.06,2.3978952727983707,0.99572,3.02,0.83,10.9,0.746268656716418
7.4,0.61,0.01,1.0986122886681096,0.074,3.6635616461296463,0.99748,3.48,0.65,9.8,2.901785714285714
6.6,0.58,0.02,1.2237754316221157,0.069,3.713572066704308,0.99387,3.38,0.66,12.6,4.337899543378995
8.5,0.49,0.11,1.1939224684724346,0.084,4.219507705176107,0.9968,3.17,0.53,9.4,2.158273381294964
11.9,0.58,0.66,1.252762968495368,0.072,3.6375861597263857,0.9992,3.05,0.56,10.0,1.4814814814814816
6.2,0.44,0.39,1.252762968495368,0.077,2.70805020110221,0.99555,3.51,0.69,11.0,1.3303769401330379
7.2,0.605,0.02,1.0647107369924282,0.096,3.4657359027997265,0.995,3.46,0.53,11.8,2.242152466367713
10.1,0.27,0.54,1.1939224684724346,0.065,3.295836866004329,0.99531,3.17,0.53,12.5,1.6786570743405276
9.6,0.68,0.24,1.1631508098056809,0.087,3.367295829986474,0.9988,3.14,0.6,10.2,1.2077294685990336
7.7,0.49,0.26,1.0647107369924282,0.062,3.4657359027997265,0.9966,3.39,0.64,9.6,2.0501138952164006
6.9,0.58,0.01,1.0647107369924282,0.08,4.007333185232471,0.99683,3.4,0.73,9.7,9.09090909090909
8.3,0.26,0.42,1.0986122886681096,0.08,3.332204510175204,0.9974,3.21,0.8,9.4,2.6128266033254155
5.6,0.31,0.37,0.8754687373538999,0.074,4.574710978503383,0.9954,3.32,0.58,9.2,2.7777777777777777
8.0,0.83,0.27,1.0986122886681096,0.08,4.1588830833596715,0.99652,3.29,0.48,9.8,2.564102564102564
8.8,0.3,0.38,1.1939224684724346,0.06,4.290459441148391,0.99543,3.39,0.72,11.8,4.328018223234624
7.4,0.5,0.47,1.0986122886681096,0.086,4.304065093204169,0.997,3.36,0.57,9.1,4.81651376146789
7.7,0.6,0.0,1.2809338454620645,0.055,2.639057329615259,0.99639,3.38,0.56,10.8,1.5981735159817352
6.3,0.6,0.1,0.9555114450274365,0.048,3.295836866004329,0.99306,3.55,0.51,12.1,2.6373626373626373
7.2,0.63,0.03,1.1631508098056809,0.08,4.48863636973214,0.99745,3.53,0.58,9.8,3.7527593818984553
7.7,0.39,0.12,0.9932517730102834,0.097,3.332204510175204,0.99596,3.16,0.49,9.4,4.5673076923076925
10.5,0.43,0.35,1.4586150226995167,0.092,4.2626798770413155,0.99798,3.21,0.69,10.5,5.7007125890736345
8.3,0.615,0.22,1.2809338454620645,0.087,2.995732273553991,0.9982,3.26,0.61,9.3,1.4084507042253522
8.5,0.28,0.56,1.0296194171811583,0.092,4.6443908991413725,0.9969,3.3,0.75,10.5,8.13953488372093
11.3,0.37,0.41,1.1939224684724346,0.088,2.833213344056216,0.9988,3.09,0.8,9.3,1.466992665036675
7.6,0.43,0.31,1.1314021114911006,0.069,4.31748811353631,0.9958,3.26,0.54,9.9,3.051643192488263
7.3,0.35,0.24,1.0986122886681096,0.067,3.8918202981106265,0.99576,3.43,0.54,10.0,6.320541760722348
6.0,0.58,0.2,1.2237754316221157,0.075,3.9318256327243257,0.99467,3.58,0.67,12.5,3.2751091703056767
8.2,0.33,0.32,1.33500106673234,0.067,2.5649493574615367,0.99473,3.3,0.76,12.8,0.9302325581395349
7.5,0.31,0.41,1.2237754316221157,0.065,4.110873864173311,0.99492,3.34,0.85,11.4,7.8341013824884795
6.2,0.785,0.0,1.1314021114911006,0.06,2.639057329615259,0.99664,3.59,0.61,10.0,1.3071895424836601
6.9,0.48,0.2,1.0647107369924282,0.082,3.1780538303479458,0.99585,3.39,0.43,9.05,2.0501138952164006
9.0,0.38,0.41,1.2237754316221157,0.103,2.3978952727983707,0.99604,3.13,0.58,11.9,1.4527845036319613
6.6,0.705,0.07,0.9555114450274365,0.076,2.772588722239781,0.9962,3.44,0.58,10.7,1.3513513513513515
12.3,0.39,0.63,1.1939224684724346,0.091,2.9444389791664403,1.0004,3.16,0.49,9.5,1.4423076923076923
8.9,0.38,0.4,1.1631508098056809,0.068,3.367295829986474,0.99486,3.27,0.75,12.6,2.8103044496487124
9.3,0.5,0.36,1.0296194171811583,0.084,2.8903717578961645,0.99704,3.27,0.77,10.8,1.4051522248243562
7.1,0.69,0.08,1.1314021114911006,0.063,3.970291913552122,0.99608,3.42,0.6,10.2,9.502262443438914
8.3,0.26,0.37,0.8754687373538999,0.076,3.1780538303479458,0.9974,3.26,0.7,9.6,1.8779342723004695
7.8,0.43,0.32,1.33500106673234,0.08,4.07753744390572,0.9974,3.31,0.64,10.3,6.728538283062644
7.3,0.91,0.1,1.0296194171811583,0.074,4.04305126783455,0.99672,3.35,0.56,9.2,4.597701149425288
8.9,0.59,0.39,1.1939224684724346,0.095,3.1354942159291497,0.9986,3.37,0.58,10.3,1.1441647597254003
9.1,0.6,0.0,1.0647107369924282,0.058,2.3978952727983707,0.9977,3.18,0.63,10.4,1.1961722488038278
7.4,0.68,0.16,1.0296194171811583,0.078,3.6888794541139363,0.9977,3.5,0.7,9.9,2.6666666666666665
7.9,0.765,0.0,1.0986122886681096,0.084,3.1354942159291497,0.99619,3.33,0.68,10.9,2.0785219399538106
8.9,0.35,0.4,1.5260563034950494,0.11,3.2188758248682006,0.99549,3.23,0.7,12.0,2.836879432624113
6.6,0.895,0.04,1.1939224684724346,0.068,2.639057329615259,0.99582,3.53,0.58,10.8,1.545253863134658
6.8,0.62,0.08,1.0647107369924282,0.068,3.6635616461296463,0.99651,3.42,0.82,9.5,6.334841628959276
6.3,0.55,0.15,1.0296194171811583,0.077,3.58351893845611,0.99314,3.32,0.82,11.6,6.018518518518518
9.2,0.63,0.21,1.308332819650179,0.097,4.189654742026425,0.9988,3.28,0.58,9.6,6.77570093457944
7.2,0.36,0.46,1.1314021114911006,0.074,3.8066624897703196,0.99534,3.4,0.85,11.0,5.454545454545454
7.2,0.39,0.32,1.0296194171811583,0.065,4.110873864173311,0.99714,3.46,0.78,9.9,7.623318385650224
8.4,0.56,0.08,1.1314021114911006,0.105,3.8066624897703196,0.9958,3.13,0.52,11.0,3.87409200968523
8.7,0.69,0.31,1.3862943611198906,0.086,4.406719247264253,1.0002,3.48,0.74,11.6,5.133928571428571
7.9,0.2,0.35,0.9932517730102834,0.054,2.772588722239781,0.99458,3.32,0.8,11.9,1.6203703703703702
9.2,0.58,0.2,1.3862943611198906,0.081,4.7535901911063645,0.998,3.23,0.59,9.5,3.5460992907801416
9.0,0.46,0.31,1.33500106673234,0.093,4.59511985013459,0.99815,3.32,0.63,9.5,4.398148148148148
6.6,0.5,0.0,1.0296194171811583,0.062,3.367295829986474,0.99352,3.44,0.55,12.3,4.72972972972973
7.2,0.34,0.21,1.252762968495368,0.075,4.23410650459726,0.99586,3.37,0.54,10.1,9.382151029748284
8.9,0.745,0.18,1.252762968495368,0.077,3.8918202981106265,0.99739,3.2,0.47,9.7,3.571428571428571
8.9,0.875,0.13,1.4929040961781488,0.088,2.70805020110221,0.9994,3.44,0.52,11.5,0.900900900900901
7.8,0.5,0.09,1.1631508098056809,0.115,3.7612001156935624,0.9971,3.18,0.62,9.5,2.3923444976076556
7.9,0.54,0.34,1.252762968495368,0.076,2.8903717578961645,0.99235,3.2,0.72,13.1,1.9047619047619047
9.3,0.27,0.41,1.0986122886681096,0.091,2.833213344056216,0.998,3.28,0.7,9.7,1.4018691588785048
8.2,0.32,0.42,1.1939224684724346,0.098,2.302585092994046,0.99506,3.27,0.55,12.3,0.7025761124121781
9.1,0.66,0.15,1.4350845252893227,0.097,4.0943445622221,0.99976,3.28,0.54,9.6,2.1028037383177574
10.5,0.24,0.47,1.1314021114911006,0.066,3.2188758248682006,0.9978,3.15,0.9,11.0,1.4457831325301203
6.4,0.36,0.21,1.1631508098056809,0.047,3.8918202981106265,0.99661,3.47,0.77,9.7,5.8165548098433995
8.8,0.27,0.46,1.1314021114911006,0.095,3.4011973816621555,0.99488,3.26,0.56,11.3,4.694835680751174
8.2,0.34,0.37,1.0647107369924282,0.057,4.31748811353631,0.99408,3.23,0.81,12.0,10.165484633569738
7.0,0.57,0.02,1.0986122886681096,0.072,3.295836866004329,0.99575,3.36,0.61,10.2,3.89908256880734
7.7,0.67,0.23,1.1314021114911006,0.088,4.574710978503383,0.9962,3.32,0.48,9.5,3.935185185185185
9.5,0.86,0.26,1.0647107369924282,0.079,3.367295829986474,0.99712,3.25,0.62,10.0,3.0588235294117645
11.9,0.4,0.65,1.1474024528375417,0.068,3.332204510175204,0.9988,3.06,0.68,11.3,1.7241379310344827
8.4,0.62,0.12,1.0296194171811583,0.072,3.8501476017100584,0.99504,3.38,0.89,11.8,8.67579908675799
7.0,0.64,0.02,1.1314021114911006,0.067,3.1780538303479458,0.997,3.47,0.67,9.4,2.013422818791946
10.3,0.53,0.48,1.252762968495368,0.063,3.258096538021482,0.9998,3.12,0.59,9.3,1.4563106796116505
9.9,0.63,0.24,1.2237754316221157,0.077,3.5263605246161616,0.9974,3.09,0.57,9.4,1.466992665036675
8.9,0.4,0.51,1.2809338454620645,0.052,3.332204510175204,0.995,3.32,0.9,13.4,3.009259259259259
6.0,0.42,0.19,1.0986122886681096,0.075,3.8712010109078907,0.99522,3.39,0.78,10.0,5.0113895216400905
6.7,0.86,0.07,1.0986122886681096,0.1,4.060443010546419,0.99598,3.6,0.74,11.7,4.347826086956522
7.8,0.76,0.04,1.1939224684724346,0.092,4.007333185232471,0.997,3.26,0.65,9.8,3.5211267605633805
5.6,0.915,0.0,1.1314021114911006,0.041,4.3694478524670215,0.99346,3.68,0.73,11.4,3.632478632478633
7.6,0.74,0.0,1.0647107369924282,0.1,2.5649493574615367,0.99521,3.36,0.59,11.0,1.3761467889908259
8.3,0.53,0.0,0.8754687373538999,0.07,2.70805020110221,0.99593,3.25,0.64,10.0,1.411764705882353
7.2,0.53,0.14,1.1314021114911006,0.064,3.4011973816621555,0.99323,3.35,0.61,12.1,3.4482758620689657
8.0,0.715,0.22,1.1939224684724346,0.075,4.406719247264253,0.99688,3.24,0.54,9.5,3.0660377358490565
7.5,0.27,0.34,1.1939224684724346,0.05,2.1972245773362196,0.9951,3.4,0.64,11.0,0.9090909090909091
8.2,0.34,0.38,1.252762968495368,0.08,4.060443010546419,0.9978,3.3,0.47,9.0,2.7906976744186047
8.2,0.7,0.23,1.0986122886681096,0.099,4.406719247264253,0.9973,3.19,0.7,9.4,3.3412887828162297
8.2,0.26,0.34,1.252762968495368,0.073,3.8712010109078907,0.99594,3.4,0.78,11.3,3.6363636363636362
12.1,0.4,0.52,1.0986122886681096,0.092,4.007333185232471,1.0,3.03,0.66,10.2,3.722084367245658
6.1,0.6,0.08,1.0296194171811583,0.071,3.828641396489095,0.99336,3.38,0.54,11.0,3.1963470319634704
7.9,0.34,0.42,1.0986122886681096,0.086,2.995732273553991,0.99546,3.35,0.6,11.4,1.8390804597701151
10.3,0.27,0.56,0.8754687373538999,0.047,2.1972245773362196,0.99471,3.16,0.51,11.8,0.7211538461538461
6.2,0.57,0.1,1.1314021114911006,0.048,2.4849066497880004,0.99448,3.44,0.76,10.8,0.900900900900901
6.8,0.64,0.03,1.1939224684724346,0.075,3.4657359027997265,0.99545,3.36,0.58,10.4,3.211009174311927
9.2,0.31,0.36,1.1631508098056809,0.079,3.4657359027997265,0.99615,3.33,0.86,12.0,2.540415704387991
8.0,0.62,0.35,1.33500106673234,0.086,3.970291913552122,0.997,3.31,0.62,10.8,6.496519721577726
8.0,0.43,0.36,1.1939224684724346,0.075,3.8918202981106265,0.9976,3.34,0.46,9.4,2.3041474654377883
10.4,0.575,0.61,1.2809338454620645,0.076,3.2188758248682006,1.0,3.16,0.69,9.0,2.644230769230769
7.8,0.56,0.19,1.1314021114911006,0.081,4.663439094112067,0.9962,3.33,0.54,9.5,3.464203233256351
7.2,0.655,0.03,1.0296194171811583,0.078,2.5649493574615367,0.99587,3.34,0.39,9.5,1.6129032258064517
9.0,0.39,0.4,0.832909122935104,0.044,3.9318256327243257,0.99478,3.2,0.83,10.9,5.9523809523809526
9.2,0.54,0.31,1.1939224684724346,0.112,3.6635616461296463,0.99699,3.24,0.56,10.9,2.594339622641509
7.9,0.34,0.36,1.0647107369924282,0.065,2.3978952727983707,0.99419,3.27,0.54,11.2,1.1709601873536302
7.1,0.43,0.17,1.0296194171811583,0.082,3.9512437185814275,0.99634,3.49,0.64,10.4,6.013363028953229
9.0,0.69,0.0,1.2237754316221157,0.088,3.6635616461296463,0.999,3.35,0.6,9.3,4.367816091954023
7.0,0.36,0.21,1.1939224684724346,0.086,4.189654742026425,0.99558,3.4,0.54,10.1,4.545454545454545
6.6,0.5,0.04,1.1314021114911006,0.068,2.70805020110221,0.9955,3.39,0.64,9.4,1.3667425968109337
6.7,0.67,0.02,1.0647107369924282,0.061,3.7612001156935624,0.99489,3.39,0.82,10.9,5.92255125284738
9.9,0.25,0.46,0.9932517730102834,0.062,3.7612001156935624,0.9959,3.18,0.83,10.6,6.220095693779904
7.8,0.88,0.0,1.2809338454620645,0.098,4.219507705176107,0.9968,3.2,0.68,9.8,5.9523809523809526
6.8,0.91,0.06,1.0986122886681096,0.06,2.4849066497880004,0.99592,3.53,0.64,10.9,0.8830022075055189
7.6,0.42,0.08,1.308332819650179,0.084,3.8918202981106265,0.9968,3.21,0.59,10.0,3.5629453681710213
11.4,0.26,0.44,1.5260563034950494,0.071,2.995732273553991,0.9986,3.12,0.82,9.3,1.4563106796116505
9.3,0.32,0.57,1.0986122886681096,0.074,4.189654742026425,0.9969,3.28,0.79,10.7,6.308411214953272
6.6,0.58,0.02,1.0986122886681096,0.062,3.9889840465642745,0.99374,3.35,0.76,11.6,8.505747126436782
9.4,0.34,0.37,1.1631508098056809,0.075,2.639057329615259,0.998,3.22,0.62,9.2,1.1848341232227486
10.1,0.45,0.23,1.0647107369924282,0.082,2.9444389791664403,0.99774,3.22,0.65,9.3,2.3696682464454972
6.2,0.36,0.24,1.1631508098056809,0.095,3.7612001156935624,0.9946,3.57,0.57,11.7,4.157549234135667
6.4,0.64,0.21,1.0296194171811583,0.081,3.4657359027997265,0.99689,3.59,0.66,9.8,3.0501089324618738
7.6,0.3,0.42,1.0986122886681096,0.052,3.2188758248682006,0.9963,3.44,0.82,11.9,1.3513513513513515
10.6,0.31,0.49,1.252762968495368,0.067,3.091042453358316,0.9987,3.26,0.86,10.7,1.4084507042253522
7.8,0.7,0.06,1.0647107369924282,0.079,3.58351893845611,0.99628,3.4,0.69,10.9,4.545454545454545
10.5,0.39,0.46,1.1631508098056809,0.075,3.332204510175204,0.99598,3.06,0.84,11.4,3.4482758620689653
9.1,0.5,0.3,1.0647107369924282,0.065,2.8903717578961645,0.99774,3.32,0.71,10.5,1.8518518518518516
7.5,0.58,0.2,1.0986122886681096,0.073,3.8066624897703196,0.99494,3.1,0.43,9.3,8.292682926829269
5.4,0.58,0.08,1.0647107369924282,0.059,3.4657359027997265,0.99484,3.5,0.64,10.2,4.444444444444445
9.8,0.44,0.47,1.252762968495368,0.063,3.367295829986474,0.9981,3.24,0.65,10.8,2.1226415094339623
8.4,0.715,0.2,1.2237754316221157,0.076,3.6635616461296463,0.99735,3.31,0.64,9.4,2.3201856148491875
10.8,0.26,0.45,1.4586150226995167,0.06,3.912023005428146,0.9972,3.13,0.54,9.6,4.842615012106537
11.6,0.44,0.64,1.1314021114911006,0.059,2.772588722239781,0.998,3.21,0.67,10.2,1.187648456057007
9.7,0.69,0.32,1.252762968495368,0.088,4.5217885770490405,0.9979,3.29,0.62,10.1,5.128205128205128
6.1,0.56,0.0,1.1631508098056809,0.079,2.302585092994046,0.9948,3.59,0.54,11.5,1.3071895424836601
6.8,0.51,0.01,1.1314021114911006,0.074,3.258096538021482,0.9958,3.33,0.56,9.5,2.0785219399538106
8.3,0.43,0.3,1.4816045409242156,0.079,3.5553480614894135,0.99788,3.36,0.61,10.5,1.6055045871559634
9.0,0.36,0.52,1.1314021114911006,0.111,2.3978952727983707,0.99568,3.31,0.62,11.3,1.1600928074245938
7.6,0.78,0.0,0.9932517730102834,0.076,3.828641396489095,0.99612,3.31,0.62,10.7,7.656612529002319
11.9,0.57,0.5,1.2809338454620645,0.082,3.4965075614664802,1.0006,3.12,0.78,10.7,1.4563106796116505
7.1,0.68,0.0,1.1631508098056809,0.073,3.1354942159291497,0.9969,3.48,0.5,9.3,2.6785714285714284
5.6,0.62,0.03,0.9162907318741551,0.08,2.639057329615259,0.99498,3.66,0.62,10.1,1.2875536480686696
9.6,0.5,0.36,1.33500106673234,0.116,4.02535169073515,0.99722,3.18,0.68,10.9,6.220095693779904
7.5,0.49,0.19,1.0647107369924282,0.076,3.8066624897703196,0.9957,3.39,0.54,9.7,2.2779043280182227
6.7,0.75,0.01,1.2237754316221157,0.078,3.4965075614664802,0.9955,3.55,0.61,12.8,3.7362637362637363
11.0,0.3,0.58,1.1314021114911006,0.054,2.995732273553991,0.998,3.31,0.88,10.5,1.6241299303944314
7.7,0.775,0.42,1.0647107369924282,0.092,4.465908118654584,0.9959,3.23,0.59,9.5,1.8912529550827422
8.2,0.915,0.27,1.1314021114911006,0.088,3.1780538303479458,0.9962,3.26,0.47,10.0,1.643192488262911
7.5,0.61,0.2,0.9932517730102834,0.076,4.110873864173311,0.99494,3.1,0.4,9.3,8.78048780487805
8.0,0.3,0.63,0.9555114450274365,0.081,3.4011973816621555,0.99588,3.3,0.78,10.8,3.7209302325581395
10.0,0.43,0.33,1.308332819650179,0.095,4.499809670330265,0.9984,3.22,0.68,10.0,6.635071090047393
6.5,0.63,0.33,1.0296194171811583,0.059,3.367295829986474,0.99531,3.36,0.64,10.1,3.6697247706422025
7.5,0.52,0.11,0.9162907318741551,0.079,3.6888794541139363,0.9968,3.42,0.58,9.6,2.48868778280543
7.7,0.23,0.37,1.0296194171811583,0.046,4.110873864173311,0.9971,3.41,0.71,12.1,5.215419501133787
6.3,0.39,0.16,0.8754687373538999,0.08,3.1780538303479458,0.9955,3.34,0.56,9.3,2.5345622119815667
6.6,0.57,0.02,1.1314021114911006,0.115,2.833213344056216,0.99654,3.38,0.69,9.5,1.36986301369863
6.1,0.34,0.25,1.0296194171811583,0.084,3.367295829986474,0.99464,3.36,0.44,10.1,0.9174311926605506
11.5,0.59,0.59,1.2809338454620645,0.087,3.912023005428146,0.9988,3.18,0.65,11.0,3.110047846889952
6.0,0.51,0.0,1.1314021114911006,0.064,4.007333185232471,0.995,3.54,0.93,10.7,8.810572687224669
8.4,0.65,0.6,1.1314021114911006,0.112,4.51085950651685,0.9973,3.2,0.52,9.2,2.857142857142857
10.8,0.45,0.33,1.252762968495368,0.099,3.6635616461296463,0.99818,3.24,0.71,10.8,4.716981132075471
10.6,0.36,0.57,1.1939224684724346,0.087,3.044522437723423,0.99676,3.14,0.72,11.1,1.4492753623188404
7.2,1.0,0.0,1.3862943611198906,0.102,2.833213344056216,0.99586,3.43,0.46,10.0,1.580135440180587
6.9,0.74,0.03,1.1939224684724346,0.054,2.833213344056216,0.99508,3.45,0.63,11.5,1.5730337078651684
7.7,0.63,0.08,1.0647107369924282,0.076,3.332204510175204,0.9967,3.32,0.54,9.5,3.472222222222222
8.0,0.77,0.32,1.1314021114911006,0.079,4.31748811353631,0.99656,3.27,0.5,9.8,3.747072599531616
8.3,0.54,0.28,1.0647107369924282,0.077,3.713572066704308,0.9978,3.39,0.61,10.0,2.5056947608200453
8.1,0.825,0.24,1.1314021114911006,0.084,2.639057329615259,0.9972,3.37,0.77,10.7,1.1441647597254003
11.1,0.45,0.73,1.4350845252893227,0.066,3.1354942159291497,0.9986,3.17,0.66,11.2,1.4388489208633093
6.3,0.98,0.01,1.0986122886681096,0.057,3.5263605246161616,0.99488,3.6,0.46,11.2,3.2608695652173916
8.0,0.33,0.53,1.252762968495368,0.091,4.394449154672439,0.9976,3.37,0.8,9.6,4.118993135011442
11.7,0.28,0.47,0.9932517730102834,0.054,3.4965075614664802,0.99686,3.15,0.67,10.6,4.096385542168674
6.6,0.66,0.0,1.3862943611198906,0.115,3.4657359027997265,0.99629,3.45,0.63,10.3,4.719101123595506
6.6,0.61,0.0,0.9555114450274365,0.069,2.1972245773362196,0.99396,3.33,0.37,10.4,0.9237875288683602
7.9,0.72,0.17,1.2809338454620645,0.096,3.6635616461296463,0.9978,3.4,0.53,9.5,4.545454545454545
7.3,0.695,0.0,1.252762968495368,0.075,2.639057329615259,0.998,3.49,0.52,9.2,0.6681514476614699
6.1,0.715,0.1,1.2809338454620645,0.053,3.332204510175204,0.99362,3.57,0.5,11.9,2.844638949671772
5.3,0.57,0.01,0.9932517730102834,0.054,3.332204510175204,0.9934,3.57,0.84,12.5,1.0940919037199124
6.9,0.4,0.24,1.252762968495368,0.083,3.828641396489095,0.9959,3.26,0.58,10.0,7.042253521126761
11.9,0.43,0.66,1.410986973710262,0.109,3.1780538303479458,1.0,3.15,0.85,10.4,2.4096385542168672
7.8,0.55,0.0,0.9932517730102834,0.07,2.8903717578961645,0.99659,3.26,0.64,9.4,1.643192488262911
11.2,0.67,0.55,1.1939224684724346,0.084,2.639057329615259,1.0,3.17,0.71,9.5,1.4388489208633093
9.7,0.53,0.6,1.0986122886681096,0.039,2.995732273553991,0.99585,3.3,0.86,12.4,1.1627906976744187
7.1,0.63,0.06,1.0986122886681096,0.083,3.4011973816621555,0.99855,3.67,0.73,9.6,1.7130620985010707
6.6,0.44,0.09,1.1631508098056809,0.063,2.9444389791664403,0.99444,3.42,0.69,11.3,2.0361990950226243
10.9,0.39,0.47,1.0296194171811583,0.118,2.70805020110221,0.9982,3.3,0.75,9.8,1.3953488372093024
6.9,0.4,0.14,1.2237754316221157,0.085,3.713572066704308,0.9968,3.43,0.63,9.7,4.740406320541761
7.7,0.28,0.3,1.0986122886681096,0.062,3.5553480614894135,0.9952,3.28,0.9,11.3,4.205607476635515
9.1,0.36,0.39,1.0296194171811583,0.06,4.02535169073515,0.99495,3.18,0.82,11.0,5.023923444976077
9.6,0.33,0.52,1.1631508098056809,0.074,3.258096538021482,0.99509,3.36,0.76,12.4,2.9816513761467895
7.0,0.43,0.3,1.0986122886681096,0.085,3.6888794541139363,0.99346,3.33,0.46,11.9,1.3856812933025404
10.7,0.4,0.37,1.0647107369924282,0.081,3.4011973816621555,0.99674,3.12,0.65,11.2,4.126213592233009
5.8,0.68,0.02,1.0296194171811583,0.087,4.553876891600541,0.9944,3.54,0.52,10.0,4.6255506607929515
6.9,0.55,0.15,1.1631508098056809,0.076,3.713572066704308,0.9961,3.41,0.59,10.1,4.308390022675737
7.0,0.38,0.49,1.252762968495368,0.097,4.454347296253507,0.9962,3.39,0.77,11.4,7.517084282460136
8.6,0.52,0.38,0.9162907318741551,0.096,2.9444389791664403,0.99666,3.2,0.52,9.4,1.1904761904761905
8.7,0.765,0.22,1.1939224684724346,0.064,3.7612001156935624,0.9963,3.1,0.55,9.4,2.1951219512195124
9.3,0.36,0.39,0.9162907318741551,0.08,4.02535169073515,0.99652,3.47,0.73,10.9,9.172259507829976
7.3,0.365,0.49,1.252762968495368,0.088,4.672828834461906,0.9966,3.36,0.78,11.0,8.944954128440369
12.0,0.45,0.55,1.0986122886681096,0.073,3.912023005428146,0.9997,3.1,0.76,10.3,6.097560975609756
7.2,0.57,0.05,1.1939224684724346,0.081,3.6109179126442243,0.99564,3.38,0.6,10.3,3.6529680365296806
7.7,0.57,0.21,0.9162907318741551,0.069,2.302585092994046,0.99458,3.16,0.54,9.8,0.9615384615384615
9.9,0.44,0.46,1.1631508098056809,0.091,3.7376696182833684,0.99638,3.18,0.69,11.9,2.3923444976076556
10.2,0.4,0.4,1.252762968495368,0.068,4.007333185232471,0.99754,3.38,0.86,10.5,9.360730593607306
8.0,0.725,0.24,1.33500106673234,0.083,4.143134726391533,0.99685,3.35,0.56,10.0,2.298850574712644
7.2,0.67,0.0,1.1631508098056809,0.068,3.2188758248682006,0.9956,3.42,0.72,11.1,2.262443438914027
7.6,0.665,0.1,0.9162907318741551,0.066,4.02535169073515,0.99655,3.39,0.51,9.3,6.150341685649202
9.9,0.59,0.07,1.4816045409242156,0.102,4.276666119016055,1.00015,3.31,0.71,9.8,7.4245939675174
9.0,0.58,0.25,1.33500106673234,0.075,4.653960350157523,0.99779,3.23,0.57,9.7,2.127659574468085
7.1,0.69,0.04,1.1314021114911006,0.068,3.332204510175204,0.99712,3.44,0.67,9.8,4.2792792792792795
8.0,0.58,0.16,1.0986122886681096,0.12,2.0794415416798357,0.99454,3.22,0.58,11.2,0.7109004739336492
9.6,0.41,0.37,1.1939224684724346,0.091,3.1780538303479458,0.99786,3.24,0.56,10.5,2.3584905660377355
7.6,0.49,0.33,1.0647107369924282,0.074,4.454347296253507,0.99706,3.41,0.58,9.0,6.122448979591836
8.3,0.54,0.24,1.4816045409242156,0.076,4.727387818712341,0.9976,3.27,0.61,9.4,3.747072599531616
9.7,0.55,0.17,1.3609765531356006,0.087,3.9889840465642745,1.0004,3.14,0.61,9.4,4.8309178743961345
11.9,0.38,0.51,1.0986122886681096,0.121,3.044522437723423,0.9996,3.24,0.76,10.4,1.650943396226415
7.6,0.41,0.14,1.3862943611198906,0.087,3.784189633918261,0.9964,3.32,0.57,10.5,4.861111111111111
8.3,0.675,0.26,1.1314021114911006,0.084,3.784189633918261,0.9976,3.31,0.53,9.2,2.5522041763341066
9.4,0.43,0.24,1.33500106673234,0.092,3.828641396489095,0.998,3.19,0.73,10.0,3.3412887828162297
7.7,0.51,0.28,1.1314021114911006,0.087,4.007333185232471,0.998,3.42,0.74,9.2,5.203619909502263
7.2,0.25,0.37,1.252762968495368,0.063,3.7376696182833684,0.99439,3.52,0.8,12.4,2.433628318584071
7.0,0.23,0.4,0.9555114450274365,0.063,4.219507705176107,0.9952,3.5,0.63,11.1,4.666666666666667
8.7,0.54,0.26,1.252762968495368,0.097,3.4657359027997265,0.9976,3.27,0.6,9.3,1.6393442622950822
8.8,0.42,0.21,1.252762968495368,0.092,4.48863636973214,0.99823,3.19,0.52,9.2,7.875894988066826
8.2,0.38,0.32,1.252762968495368,0.08,4.276666119016055,0.99624,3.27,0.85,11.0,5.620608899297425
6.9,0.67,0.06,1.1314021114911006,0.08,3.5263605246161616,0.99845,3.68,0.71,9.6,1.7094017094017095
9.1,0.45,0.35,1.2237754316221157,0.08,4.3694478524670215,0.9987,3.38,0.62,9.5,5.251141552511416
7.4,0.36,0.3,1.0296194171811583,0.074,3.2188758248682006,0.99419,3.24,0.7,11.4,4.009433962264151
7.3,0.34,0.33,1.252762968495368,0.064,3.6375861597263857,0.9952,3.35,0.77,12.1,4.8275862068965525
7.9,0.29,0.49,1.1631508098056809,0.096,4.0943445622221,0.99714,3.31,0.67,10.1,4.872389791183294
7.1,0.16,0.44,1.252762968495368,0.068,3.4657359027997265,0.99328,3.35,0.54,12.4,3.9080459770114944
7.2,0.34,0.24,1.0986122886681096,0.071,3.970291913552122,0.99576,3.44,0.58,10.1,6.756756756756758
7.1,0.52,0.03,1.2809338454620645,0.076,4.532599493153256,0.99745,3.5,0.6,9.8,4.666666666666667
10.2,0.29,0.49,1.2809338454620645,0.059,2.639057329615259,0.9976,3.05,0.74,10.5,1.234567901234568
7.0,0.22,0.3,1.0296194171811583,0.065,3.044522437723423,0.99672,3.61,0.82,10.0,3.4707158351409984
8.9,0.31,0.36,1.2809338454620645,0.056,3.6888794541139363,0.99562,3.4,0.69,11.8,2.2727272727272725
7.1,0.755,0.15,1.0296194171811583,0.107,4.442651256490317,0.99593,3.19,0.5,9.5,4.773269689737471
8.0,0.81,0.25,1.4816045409242156,0.076,4.454347296253507,0.99668,3.19,0.42,9.2,8.1145584725537
6.7,0.48,0.02,1.1631508098056809,0.08,4.718498871295094,0.99524,3.1,0.53,9.7,8.78048780487805
9.6,0.56,0.23,1.4816045409242156,0.102,4.532599493153256,0.9996,3.3,0.65,10.1,8.604651162790699
11.4,0.6,0.49,1.308332819650179,0.085,3.7376696182833684,0.9994,3.15,0.63,10.5,2.4096385542168672
9.2,0.43,0.49,1.2237754316221157,0.086,4.762173934797756,0.9976,3.23,0.64,9.5,5.437352245862884
8.3,0.705,0.12,1.2809338454620645,0.092,3.367295829986474,0.9994,3.51,0.72,10.0,2.6607538802660757
7.6,0.51,0.15,1.33500106673234,0.11,4.304065093204169,0.9955,3.17,0.63,10.2,7.913669064748202
8.5,0.37,0.32,1.0296194171811583,0.066,3.9512437185814275,0.99456,3.38,0.72,11.8,5.936073059360731
8.2,0.2,0.43,1.252762968495368,0.076,3.9512437185814275,0.99672,3.53,0.81,10.4,6.843267108167772
7.0,0.685,0.0,1.0647107369924282,0.099,3.1354942159291497,0.99606,3.34,0.6,9.7,2.0737327188940093
7.4,0.635,0.1,1.2237754316221157,0.08,3.5263605246161616,0.99736,3.58,0.69,10.8,3.493449781659389
7.2,0.63,0.0,1.0647107369924282,0.097,3.6635616461296463,0.99675,3.37,0.58,9.0,3.203661327231121
7.3,0.55,0.03,0.9555114450274365,0.072,3.7612001156935624,0.9956,3.37,0.48,9.0,3.8901601830663615
5.4,0.74,0.09,0.9932517730102834,0.089,3.295836866004329,0.99402,3.67,0.56,11.6,3.4261241970021414
12.2,0.45,0.49,0.8754687373538999,0.075,1.9459101490553132,0.9969,3.13,0.63,10.4,0.7263922518159807
6.1,0.38,0.15,1.0296194171811583,0.072,2.995732273553991,0.9955,3.42,0.57,9.4,1.3574660633484164
9.3,0.41,0.39,1.1631508098056809,0.064,3.4657359027997265,0.9984,3.26,0.65,10.2,2.8169014084507045
7.9,0.6,0.06,0.9555114450274365,0.069,4.0943445622221,0.9964,3.3,0.46,9.4,3.488372093023256
8.4,0.37,0.43,1.1939224684724346,0.063,2.995732273553991,0.9955,3.17,0.81,11.2,2.8776978417266186
7.6,0.52,0.12,1.3862943611198906,0.067,3.9889840465642745,0.9971,3.36,0.57,9.1,2.7522935779816518
7.8,0.53,0.04,0.9932517730102834,0.076,3.4657359027997265,0.9964,3.33,0.56,10.0,3.9260969976905313
10.4,0.52,0.45,1.0986122886681096,0.08,2.639057329615259,0.99774,3.22,0.76,11.4,1.4218009478672984
11.8,0.38,0.55,1.1314021114911006,0.071,2.995732273553991,0.9986,3.11,0.62,10.8,1.2165450121654502
8.9,0.5,0.21,1.1631508098056809,0.088,3.6888794541139363,0.99692,3.33,0.83,11.1,4.849884526558891
7.2,0.6,0.04,1.252762968495368,0.076,4.48863636973214,0.99745,3.53,0.55,9.5,3.973509933774835
7.5,0.51,0.02,0.9932517730102834,0.084,3.4657359027997265,0.99538,3.36,0.54,10.5,2.9816513761467895
6.0,0.5,0.0,0.8754687373538999,0.057,3.295836866004329,0.99448,3.36,0.45,9.5,3.4403669724770647
11.4,0.36,0.69,1.1314021114911006,0.09,3.091042453358316,1.0,3.17,0.62,9.2,1.4388489208633093
10.2,0.41,0.43,1.1631508098056809,0.11,3.6375861597263857,0.99728,3.16,0.67,10.8,2.644230769230769
9.3,0.655,0.26,1.0986122886681096,0.096,3.58351893845611,0.99738,3.25,0.42,9.6,1.1764705882352942
9.1,0.47,0.49,1.2809338454620645,0.094,4.672828834461906,0.9982,3.08,0.59,9.1,9.313725490196079
7.0,0.54,0.0,1.1314021114911006,0.079,4.02535169073515,0.9956,3.39,0.84,11.4,8.88382687927107
10.6,0.31,0.49,1.1631508098056809,0.063,3.713572066704308,0.9976,3.14,0.51,9.8,4.3478260869565215
6.8,0.68,0.21,1.1314021114911006,0.07,3.1780538303479458,0.99546,3.38,0.6,10.3,2.0547945205479454
10.5,0.28,0.51,0.9932517730102834,0.08,3.2188758248682006,0.9982,3.2,0.89,9.4,2.380952380952381
8.2,0.59,0.0,1.252762968495368,0.093,4.07753744390572,1.0002,3.5,0.65,9.3,4.222222222222222
10.2,0.24,0.49,1.2237754316221157,0.075,3.367295829986474,0.9978,3.14,0.61,10.4,2.4154589371980673
7.0,0.69,0.07,1.252762968495368,0.091,3.091042453358316,0.99572,3.38,0.6,11.3,3.4246575342465753
7.8,0.62,0.05,1.1939224684724346,0.079,2.9444389791664403,0.99735,3.29,0.63,9.3,1.3986013986013985
7.2,0.49,0.24,1.1631508098056809,0.07,3.6109179126442243,0.996,3.33,0.48,9.4,1.1547344110854503
7.2,0.39,0.44,1.2809338454620645,0.066,3.8918202981106265,0.99494,3.3,0.84,11.5,5.116279069767442
9.0,0.4,0.43,1.2237754316221157,0.068,3.8501476017100584,0.9943,3.2,0.6,12.2,6.904761904761904
9.6,0.38,0.42,1.0647107369924282,0.071,2.639057329615259,0.99659,3.15,0.75,10.5,1.2048192771084336
7.1,0.6,0.01,1.1939224684724346,0.079,3.6375861597263857,0.99514,3.4,0.61,10.9,5.454545454545454
9.6,0.56,0.31,1.33500106673234,0.089,3.8501476017100584,0.9979,3.11,0.92,10.0,3.649635036496351
6.4,0.4,0.23,0.9555114450274365,0.066,2.5649493574615367,0.9958,3.34,0.56,9.2,1.1520737327188941
7.6,0.54,0.02,0.9932517730102834,0.085,3.4657359027997265,0.99589,3.37,0.51,10.4,3.8901601830663615
11.6,0.42,0.53,1.4586150226995167,0.105,4.59511985013459,1.001,3.2,0.95,9.2,7.857142857142857
12.2,0.48,0.54,1.2809338454620645,0.085,4.174387269895637,1.0,3.1,0.61,10.5,4.634146341463415
7.6,0.5,0.29,1.1939224684724346,0.086,2.70805020110221,0.99502,3.32,0.62,11.5,1.1574074074074074
7.2,0.38,0.3,1.0296194171811583,0.073,4.2626798770413155,0.99685,3.42,0.59,9.5,7.013574660633484
10.3,0.27,0.24,1.1314021114911006,0.072,3.5263605246161616,0.9956,3.22,0.66,12.8,3.554502369668246
10.0,0.58,0.22,1.0647107369924282,0.08,3.4965075614664802,0.9974,3.13,0.55,9.5,2.179176755447942
9.4,0.685,0.11,1.308332819650179,0.077,3.4657359027997265,0.9984,3.19,0.7,10.1,1.4319809069212412
8.8,0.59,0.18,1.3609765531356006,0.089,4.31748811353631,0.99738,3.14,0.54,9.4,2.8985507246376807
6.0,0.54,0.06,1.0296194171811583,0.05,4.499809670330265,0.99236,3.3,0.5,10.55,8.837209302325581
10.1,0.31,0.35,0.9555114450274365,0.075,3.367295829986474,0.99672,3.24,0.83,11.2,2.1226415094339623
8.3,0.715,0.15,1.0296194171811583,0.089,3.970291913552122,0.9968,3.23,0.77,9.5,2.3640661938534278
9.7,0.295,0.4,0.9162907318741551,0.073,3.091042453358316,0.99556,3.14,0.51,10.9,3.381642512077294
6.3,0.36,0.19,1.4350845252893227,0.075,3.6888794541139363,0.9956,3.56,0.52,12.7,3.289473684210526
9.1,0.37,0.32,1.1314021114911006,0.064,2.772588722239781,0.99576,3.3,0.8,11.2,0.9302325581395349
9.0,0.4,0.41,1.0986122886681096,0.058,3.713572066704308,0.99414,3.22,0.6,12.2,3.554502369668246
9.6,0.6,0.5,1.1939224684724346,0.079,4.276666119016055,0.9997,3.5,0.57,9.7,6.222222222222222
7.1,0.59,0.02,1.1939224684724346,0.082,4.553876891600541,0.99744,3.55,0.53,9.7,5.274725274725275
6.2,0.46,0.29,1.1314021114911006,0.074,4.59511985013459,0.99578,3.33,0.62,9.8,7.390300230946882
7.9,0.31,0.32,1.0647107369924282,0.066,3.6109179126442243,0.99364,3.41,0.56,12.6,3.1746031746031744
7.7,0.665,0.0,1.2237754316221157,0.09,2.995732273553991,0.9974,3.27,0.73,9.3,1.873536299765808
8.6,0.83,0.0,1.33500106673234,0.095,3.784189633918261,0.99822,3.33,0.6,10.4,3.9260969976905313
8.3,0.6,0.13,1.2809338454620645,0.085,3.2188758248682006,0.9984,3.31,0.59,9.2,1.3921113689095126
6.5,0.9,0.0,0.9555114450274365,0.052,2.8903717578961645,0.99467,3.5,0.63,10.9,2.0
7.2,0.5,0.18,1.1314021114911006,0.071,3.4657359027997265,0.99761,3.52,0.72,9.6,2.6548672566371683
10.4,0.43,0.5,1.1939224684724346,0.068,2.995732273553991,0.996,3.1,0.87,11.4,3.1707317073170733
7.2,0.635,0.07,1.2809338454620645,0.077,4.465908118654584,0.99748,3.51,0.54,9.7,3.5476718403547673
7.1,0.685,0.35,1.0986122886681096,0.088,4.532599493153256,0.9963,3.28,0.62,9.4,2.1028037383177574
9.6,0.54,0.42,1.2237754316221157,0.081,3.970291913552122,0.997,3.2,0.71,11.4,5.9523809523809526
6.5,0.52,0.11,1.0296194171811583,0.073,3.6635616461296463,0.9955,3.34,0.52,9.3,2.9953917050691246
9.0,0.58,0.25,1.0986122886681096,0.104,3.091042453358316,0.99769,3.27,0.72,9.6,1.873536299765808
6.9,0.45,0.11,1.2237754316221157,0.043,2.5649493574615367,0.99354,3.3,0.65,11.4,1.3953488372093024
10.4,0.55,0.23,1.308332819650179,0.091,3.8918202981106265,0.9994,3.22,0.64,10.3,4.265402843601895
7.8,0.34,0.37,1.0986122886681096,0.082,4.07753744390572,0.9964,3.34,0.59,9.4,5.529953917050691
8.2,0.74,0.09,1.0986122886681096,0.067,2.3978952727983707,0.99418,3.28,0.57,11.8,1.1682242990654208
9.9,0.49,0.58,1.5040773967762742,0.094,3.784189633918261,1.0004,3.29,0.58,9.0,2.097902097902098
6.7,0.64,0.23,1.1314021114911006,0.08,4.787491742782046,0.99538,3.36,0.7,10.9,2.522935779816514
6.8,0.64,0.1,1.1314021114911006,0.085,4.624972813284271,0.9956,3.34,0.52,10.2,4.147465437788019
9.2,0.41,0.5,1.252762968495368,0.055,3.258096538021482,0.9952,3.34,0.79,13.3,2.7649769585253456
6.8,0.5,0.11,0.9162907318741551,0.075,3.912023005428146,0.99545,3.36,0.79,9.5,3.6697247706422025
8.9,0.48,0.24,1.3480731482996928,0.094,4.672828834461906,0.9982,3.1,0.53,9.2,8.536585365853659
6.4,0.42,0.09,1.1939224684724346,0.054,4.174387269895637,0.99724,3.41,0.68,10.4,7.709750566893423
8.5,0.46,0.31,1.1786549963416462,0.078,4.07753744390572,0.998,3.33,0.54,9.8,7.390300230946882
8.9,0.32,0.31,1.0986122886681096,0.088,2.995732273553991,0.9957,3.17,0.55,10.4,2.8776978417266186
8.2,0.73,0.21,0.9932517730102834,0.074,2.639057329615259,0.9968,3.2,0.52,9.5,1.1904761904761905
10.0,0.44,0.49,1.308332819650179,0.077,2.995732273553991,0.9963,3.23,0.63,11.6,2.6004728132387704
6.6,0.52,0.08,1.2237754316221157,0.07,3.295836866004329,0.99358,3.4,0.72,12.5,2.954545454545454
7.1,0.61,0.02,1.252762968495368,0.081,4.477336814478207,0.99745,3.48,0.6,9.7,3.7946428571428568
7.9,0.33,0.41,0.9162907318741551,0.056,3.58351893845611,0.99396,3.29,0.71,11.0,1.3986013986013985
11.1,0.18,0.48,0.9162907318741551,0.068,2.772588722239781,0.9973,3.22,0.64,10.1,1.6587677725118481
8.6,0.33,0.4,1.2809338454620645,0.083,4.23410650459726,0.99782,3.3,0.48,9.4,3.7209302325581395
7.0,0.42,0.35,0.9555114450274365,0.088,3.6888794541139363,0.9961,3.34,0.55,9.2,3.686635944700461
7.1,0.22,0.49,1.0296194171811583,0.039,2.9444389791664403,0.99344,3.39,0.56,12.4,1.8223234624145783
7.7,0.56,0.2,1.0986122886681096,0.075,3.6888794541139363,0.9987,3.48,0.62,9.3,2.008928571428571
7.5,0.52,0.16,1.0647107369924282,0.085,3.58351893845611,0.9968,3.38,0.62,9.5,2.73972602739726
6.4,0.56,0.15,1.0296194171811583,0.078,4.189654742026425,0.99294,3.33,0.6,10.5,3.9260969976905313
7.7,0.61,0.18,1.2237754316221157,0.083,3.044522437723423,0.9963,3.29,0.6,10.2,1.3986013986013985
6.8,0.57,0.0,1.252762968495368,0.072,4.174387269895637,0.99491,3.43,0.56,11.2,7.223476297968398
7.4,0.49,0.19,1.3862943611198906,0.077,3.6375861597263857,0.9966,3.37,0.51,10.5,3.6613272311212812
8.3,0.56,0.22,1.2237754316221157,0.082,4.465908118654584,0.9983,3.37,0.62,9.5,2.2883295194508007
10.8,0.4,0.41,1.1631508098056809,0.084,2.8903717578961645,0.9984,3.08,0.67,9.3,1.7156862745098038
11.2,0.28,0.56,1.0647107369924282,0.075,4.110873864173311,0.998,3.16,0.58,9.8,4.086538461538462
10.1,0.37,0.34,1.2237754316221157,0.085,2.8903717578961645,0.99683,3.17,0.65,10.6,1.1990407673860912
8.7,0.84,0.0,0.8754687373538999,0.065,3.5263605246161616,0.9954,3.27,0.55,9.7,5.620608899297425
9.0,0.66,0.17,1.3862943611198906,0.077,2.639057329615259,0.9976,3.29,0.55,10.4,1.1655011655011656
8.3,0.33,0.42,1.1939224684724346,0.07,3.044522437723423,0.99426,3.38,0.77,12.7,2.0547945205479454
9.1,0.775,0.22,1.1631508098056809,0.079,3.8918202981106265,0.9976,3.18,0.51,9.6,2.870813397129187
11.4,0.46,0.5,1.308332819650179,0.122,2.8903717578961645,1.0006,3.13,0.7,10.2,0.9685230024213075
10.0,0.73,0.43,1.1939224684724346,0.059,3.4657359027997265,0.9966,3.15,0.57,11.0,3.614457831325301
6.8,0.36,0.32,1.0296194171811583,0.067,2.1972245773362196,0.9928,3.36,0.55,12.8,0.9174311926605506
8.8,0.7,0.0,0.9932517730102834,0.069,2.995732273553991,0.99701,3.31,0.53,10.0,1.85614849187935
7.2,0.58,0.54,1.1314021114911006,0.114,2.302585092994046,0.99719,3.33,0.57,10.3,0.6928406466512702
8.2,0.6,0.17,1.1939224684724346,0.072,4.304065093204169,0.9963,3.2,0.45,9.3,2.619047619047619
7.8,0.5,0.17,0.9555114450274365,0.082,4.634728988229636,0.996,3.39,0.48,9.5,4.783599088838268
5.6,0.85,0.05,0.8754687373538999,0.045,4.48863636973214,0.9924,3.56,0.82,12.9,2.631578947368421
10.6,0.48,0.64,1.1631508098056809,0.111,3.044522437723423,0.997,3.26,0.66,11.7,1.4084507042253522
9.0,0.54,0.49,1.3609765531356006,0.094,4.709530201312334,0.9982,3.08,0.61,9.2,10.049019607843137
8.6,0.42,0.39,1.0296194171811583,0.068,2.5649493574615367,0.99516,3.35,0.69,11.7,1.3793103448275863
8.8,0.6,0.29,1.1631508098056809,0.098,2.772588722239781,0.9988,3.36,0.49,9.1,1.1467889908256883
6.6,0.855,0.02,1.2237754316221157,0.062,3.1780538303479458,0.99627,3.54,0.6,11.0,3.303964757709251
10.2,0.645,0.36,1.0296194171811583,0.053,2.70805020110221,0.9982,3.17,0.42,10.0,1.1990407673860912
7.5,0.58,0.14,1.1631508098056809,0.077,4.110873864173311,0.9963,3.28,0.59,9.8,6.308411214953272
9.0,0.82,0.14,1.2809338454620645,0.089,3.1780538303479458,0.9984,3.39,0.63,9.8,2.0501138952164006
8.2,0.42,0.49,1.2809338454620645,0.084,4.02535169073515,0.9988,3.34,0.75,8.7,7.373271889400922
6.2,0.39,0.43,1.0986122886681096,0.071,3.2188758248682006,0.99428,3.45,0.87,11.2,3.1460674157303368
7.4,0.6,0.26,1.1314021114911006,0.083,4.5217885770490405,0.99616,3.29,0.56,9.8,3.9627039627039626
8.2,0.635,0.1,1.1314021114911006,0.073,4.110873864173311,0.99638,3.29,0.75,10.9,5.827505827505828
6.8,0.6,0.18,1.0647107369924282,0.079,4.465908118654584,0.9968,3.59,0.57,9.3,3.9215686274509807
7.8,0.545,0.12,1.252762968495368,0.068,3.58351893845611,0.996,3.34,0.61,11.6,2.5345622119815667
8.9,0.12,0.45,1.0296194171811583,0.075,3.091042453358316,0.99552,3.41,0.76,11.9,2.2675736961451247
7.3,0.58,0.3,1.2237754316221157,0.074,4.02535169073515,0.9968,3.46,0.59,10.2,3.3632286995515694
9.5,0.59,0.44,1.1939224684724346,0.071,4.23410650459726,0.9992,3.46,0.63,9.5,4.708520179372197
7.1,0.56,0.14,0.9555114450274365,0.078,2.9444389791664403,0.99592,3.27,0.62,9.3,1.6393442622950822
7.9,0.53,0.24,1.0986122886681096,0.072,4.663439094112067,0.996,3.27,0.54,9.4,3.5128805620608903
8.4,0.25,0.39,1.0986122886681096,0.041,2.3978952727983707,0.99386,3.27,0.71,12.5,0.936768149882904
6.7,0.54,0.13,1.0986122886681096,0.076,3.6109179126442243,0.9973,3.61,0.64,9.8,3.253796095444686
7.1,0.75,0.01,1.1631508098056809,0.059,2.9444389791664403,0.99242,3.39,0.4,12.8,2.5056947608200453
10.0,0.29,0.4,1.3609765531356006,0.098,3.295836866004329,1.0006,3.48,0.91,9.7,2.2321428571428568
5.9,0.61,0.08,1.1314021114911006,0.071,3.2188758248682006,0.99376,3.56,0.77,11.1,3.508771929824561
9.2,0.92,0.24,1.2809338454620645,0.087,4.543294782270004,0.9998,3.48,0.54,9.8,2.6785714285714284
7.0,0.78,0.08,1.0986122886681096,0.093,2.995732273553991,0.9956,3.4,0.47,10.0,2.2727272727272725
7.4,0.25,0.29,1.1631508098056809,0.054,3.912023005428146,0.99666,3.4,0.76,10.9,4.3181818181818175
7.1,0.65,0.18,1.0296194171811583,0.07,3.713572066704308,0.997,3.44,0.6,9.1,2.927927927927928
6.9,0.41,0.33,1.1631508098056809,0.081,3.6109179126442243,0.9949,3.41,0.75,11.1,4.988662131519274
9.0,0.45,0.49,1.2809338454620645,0.084,4.330733340286331,0.9987,3.35,0.57,9.7,4.8275862068965525
7.9,0.18,0.4,1.0296194171811583,0.062,3.044522437723423,0.9941,3.28,0.7,11.1,1.635514018691589
5.8,1.01,0.66,1.0986122886681096,0.039,4.48863636973214,0.99357,3.66,0.6,11.5,3.2188841201716736
6.4,0.57,0.12,1.1939224684724346,0.12,3.6109179126442243,0.99519,3.47,0.71,11.3,5.592841163310961
6.8,0.47,0.08,1.1631508098056809,0.064,3.6635616461296463,0.99553,3.3,0.65,9.6,4.186046511627907
8.1,0.78,0.1,1.4586150226995167,0.09,2.639057329615259,0.99855,3.36,0.49,9.5,0.9174311926605506
7.0,0.5,0.25,1.0986122886681096,0.07,3.1354942159291497,0.9963,3.25,0.63,9.2,0.7058823529411765
10.0,0.48,0.24,1.308332819650179,0.102,3.4965075614664802,1.0,3.28,0.56,10.0,3.037383177570094
6.1,0.32,0.25,1.0296194171811583,0.086,3.4965075614664802,0.99464,3.36,0.44,10.1,1.1467889908256883
6.7,0.62,0.21,1.0647107369924282,0.079,4.143134726391533,0.997,3.52,0.58,9.3,1.7699115044247788
6.6,0.44,0.15,1.1314021114911006,0.076,3.9889840465642745,0.9957,3.32,0.62,9.3,5.092592592592593
9.6,0.42,0.35,1.1314021114911006,0.083,3.6635616461296463,0.99622,3.23,0.66,11.1,4.0189125295508275
11.5,0.315,0.54,1.1314021114911006,0.084,2.772588722239781,0.9987,2.98,0.7,9.2,1.256281407035176
7.2,0.58,0.03,1.1939224684724346,0.077,3.367295829986474,0.99568,3.35,0.52,10.0,1.6091954022988506
7.0,0.43,0.02,1.0647107369924282,0.08,3.367295829986474,0.99492,3.35,0.81,10.6,3.4482758620689657
8.8,0.61,0.3,1.33500106673234,0.088,3.8501476017100584,0.9976,3.26,0.51,9.3,3.990610328638498
7.2,0.62,0.06,1.308332819650179,0.077,4.454347296253507,0.99746,3.51,0.54,9.5,3.3259423503325944
7.0,0.655,0.16,1.1314021114911006,0.074,3.258096538021482,0.99606,3.37,0.55,9.7,1.8306636155606406
11.9,0.58,0.58,1.0647107369924282,0.071,2.9444389791664403,0.998,3.09,0.63,10.0,1.2224938875305624
7.5,0.4,0.18,0.9555114450274365,0.079,4.07753744390572,0.9965,3.34,0.58,9.4,5.529953917050691
6.6,0.815,0.02,1.308332819650179,0.072,3.5553480614894135,0.9955,3.58,0.89,12.3,3.7117903930131004
9.9,0.32,0.56,1.0986122886681096,0.073,2.1972245773362196,0.99534,3.15,0.73,11.4,0.7228915662650601
6.7,0.32,0.44,1.2237754316221157,0.061,3.5553480614894135,0.99484,3.29,0.8,11.6,5.594405594405594
7.2,0.62,0.06,1.252762968495368,0.078,4.442651256490317,0.99746,3.51,0.53,9.7,3.7694013303769403
7.1,0.53,0.07,0.9932517730102834,0.071,3.2188758248682006,0.9951,3.29,0.66,10.8,3.4965034965034967
9.1,0.785,0.0,1.2809338454620645,0.093,3.367295829986474,0.9994,3.36,0.86,9.4,2.522935779816514
8.4,0.34,0.42,1.1314021114911006,0.072,3.6109179126442243,0.99392,3.11,0.78,12.4,5.596107055961071
6.1,0.4,0.16,1.0296194171811583,0.069,3.258096538021482,0.9955,3.42,0.74,10.1,2.48868778280543
7.6,0.43,0.29,1.1314021114911006,0.075,4.204692619390966,0.99718,3.4,0.64,9.5,4.3181818181818175
10.7,0.52,0.38,1.2809338454620645,0.066,4.04305126783455,0.99577,3.15,0.79,12.1,6.987951807228915
8.1,0.72,0.09,1.33500106673234,0.084,3.912023005428146,0.9994,3.43,0.72,11.1,4.063205417607223
7.8,0.59,0.18,1.1939224684724346,0.076,4.007333185232471,0.9975,3.43,0.59,10.0,3.8374717832957113
6.2,0.6,0.08,1.0986122886681096,0.09,3.8066624897703196,0.9949,3.45,0.58,10.5,7.191011235955056
7.0,0.42,0.19,1.1939224684724346,0.071,3.6109179126442243,0.99476,3.39,0.56,10.9,4.100227790432801
7.2,0.49,0.18,1.308332819650179,0.069,3.5553480614894135,0.9967,3.29,0.48,9.2,3.0303030303030303
9.0,0.6,0.29,1.0986122886681096,0.069,4.304065093204169,0.99654,3.34,0.57,10.0,7.373271889400922
6.3,0.3,0.48,1.0296194171811583,0.069,4.127134385045092,0.9959,3.44,0.78,10.3,4.054054054054054
11.3,0.34,0.45,1.0986122886681096,0.082,2.772588722239781,0.9988,2.94,0.66,9.2,1.5228426395939088
7.3,0.67,0.02,1.1631508098056809,0.072,4.532599493153256,0.99566,3.32,0.68,11.06666667,7.175925925925926
6.6,0.5,0.01,0.9162907318741551,0.06,3.295836866004329,0.9952,3.4,0.58,9.8,3.8636363636363633
7.5,0.52,0.4,1.1631508098056809,0.06,3.044522437723423,0.99474,3.26,0.64,11.8,2.8169014084507045
9.9,0.74,0.28,1.2809338454620645,0.078,4.356708826689592,0.998,3.28,0.51,9.8,4.906542056074767
11.5,0.31,0.51,1.1631508098056809,0.079,3.367295829986474,0.9982,3.03,0.93,9.8,3.4739454094292808
10.4,0.33,0.63,1.33500106673234,0.084,3.1354942159291497,0.9998,3.26,0.74,11.2,1.1737089201877935
6.1,0.32,0.25,1.1939224684724346,0.071,4.07753744390572,0.99633,3.42,0.97,10.6,5.203619909502263
