,fixed_acidity,volatile_acidity,citric_acid,residual_sugar,chlorides,free_sulfur_dioxide,density,pH,sulphates,alcohol,Bound_sulfur_dioxide
619,11.3,0.37,0.41,2.3,0.088,6.0,0.9988,3.09,0.8,9.3,10.0
420,9.5,0.56,0.33,2.4,0.089,35.0,0.9972,3.28,0.73,11.8,32.0
1511,7.1,0.69,0.04,2.1,0.068,19.0,0.99712,3.44,0.67,9.8,8.0
1430,7.4,0.41,0.24,1.8,0.066,18.0,0.9956,3.37,0.62,10.4,29.0
717,7.6,0.46,0.11,2.6,0.079,12.0,0.9968,3.21,0.57,10.0,37.0
957,9.5,0.37,0.52,2.0,0.088,12.0,0.99613,3.29,0.58,11.1,39.0
1526,6.8,0.47,0.08,2.2,0.064,18.0,0.99553,3.3,0.65,9.6,20.0
8,7.8,0.58,0.02,2.0,0.073,9.0,0.9968,3.36,0.57,9.5,9.0
1355,6.1,0.32,0.25,1.8,0.086,5.0,0.99464,3.36,0.44,10.1,27.0
362,11.9,0.58,0.66,2.5,0.072,6.0,0.9992,3.05,0.56,10.0,31.0
1336,6.0,0.5,0.0,1.4,0.057,15.0,0.99448,3.36,0.45,9.5,11.0
1447,6.8,0.67,0.0,1.9,0.08,22.0,0.99701,3.4,0.74,9.7,17.0
1052,5.6,0.605,0.05,2.4,0.073,19.0,0.99258,3.56,0.55,12.9,6.0
1585,7.2,0.39,0.44,2.6,0.066,22.0,0.99494,3.3,0.84,11.5,26.0
817,10.8,0.29,0.42,1.6,0.084,19.0,0.99545,3.28,0.73,11.9,8.0
785,9.9,0.35,0.41,2.3,0.083,11.0,0.9982,3.21,0.5,9.5,50.0
443,10.0,0.44,0.49,2.7,0.077,11.0,0.9963,3.23,0.63,11.6,8.0
1240,7.5,0.61,0.2,1.7,0.076,36.0,0.99494,3.1,0.4,9.3,24.0
378,11.4,0.625,0.66,6.2,0.088,6.0,0.9988,3.11,0.99,13.3,18.0
274,7.5,0.65,0.18,7.0,0.088,27.0,0.99915,3.38,0.77,9.4,67.0
989,9.7,0.295,0.4,1.5,0.073,14.0,0.99556,3.14,0.51,10.9,7.0
1226,7.5,0.58,0.03,4.1,0.08,27.0,0.99592,3.02,0.47,9.2,19.0
1124,6.5,0.58,0.0,2.2,0.096,3.0,0.99557,3.62,0.62,11.5,10.0
374,14.0,0.41,0.63,3.8,0.089,6.0,1.0014,3.01,0.81,10.8,41.0
1115,7.0,0.69,0.07,2.5,0.091,15.0,0.99572,3.38,0.6,11.3,6.0
556,10.9,0.53,0.49,4.6,0.118,10.0,1.0002,3.07,0.56,11.7,7.0
882,8.4,0.31,0.29,3.1,0.194,14.0,0.99536,3.22,0.78,12.0,12.0
925,8.6,0.22,0.36,1.9,0.064,53.0,0.99604,3.47,0.87,11.0,24.0
1260,8.6,0.635,0.68,1.8,0.403,19.0,0.99632,3.02,1.15,9.3,37.0
1583,6.2,0.46,0.29,2.1,0.074,32.0,0.99578,3.33,0.62,9.8,66.0
765,9.2,0.67,0.1,3.0,0.091,12.0,0.99888,3.31,0.54,9.5,36.0
1516,6.1,0.32,0.25,2.3,0.071,23.0,0.99633,3.42,0.97,10.6,35.0
306,7.6,0.62,0.32,2.2,0.082,7.0,0.9966,3.36,0.52,9.4,47.0
339,12.5,0.28,0.54,2.3,0.082,12.0,0.9997,3.11,1.36,9.8,17.0
454,7.0,0.23,0.4,1.6,0.063,21.0,0.9952,3.5,0.63,11.1,46.0
714,9.9,0.74,0.28,2.6,0.078,21.0,0.998,3.28,0.51,9.8,56.0
745,7.3,0.51,0.18,2.1,0.07,12.0,0.99768,3.52,0.73,9.5,16.0
158,7.1,0.68,0.0,2.2,0.073,12.0,0.9969,3.48,0.5,9.3,10.0
804,8.4,0.52,0.22,2.7,0.084,4.0,0.99682,3.26,0.57,9.9,14.0
89,7.0,0.62,0.08,1.8,0.076,8.0,0.9978,3.48,0.53,9.0,16.0
636,9.6,0.88,0.28,2.4,0.086,30.0,0.9979,3.24,0.53,9.4,117.0
269,11.5,0.18,0.51,4.0,0.104,4.0,0.9996,3.28,0.97,10.1,19.0
553,5.0,1.04,0.24,1.6,0.05,32.0,0.9934,3.74,0.62,11.5,64.0
834,8.8,0.685,0.26,1.6,0.088,16.0,0.99694,3.32,0.47,9.4,7.0
865,7.2,0.635,0.07,2.6,0.077,16.0,0.99748,3.51,0.54,9.7,70.0
761,9.3,0.655,0.26,2.0,0.096,5.0,0.99738,3.25,0.42,9.6,30.0
590,9.0,0.45,0.49,2.6,0.084,21.0,0.9987,3.35,0.57,9.7,54.0
32,8.3,0.655,0.12,2.3,0.083,15.0,0.9966,3.17,0.66,9.8,98.0
704,9.1,0.765,0.04,1.6,0.078,4.0,0.998,3.29,0.54,9.7,10.0
1503,6.2,0.44,0.39,2.5,0.077,6.0,0.99555,3.51,0.69,11.0,8.0
813,6.9,0.39,0.24,2.1,0.102,4.0,0.99462,3.44,0.58,11.4,3.0
44,6.8,0.67,0.02,1.8,0.05,5.0,0.9962,3.48,0.52,9.5,6.0
207,7.8,0.57,0.31,1.8,0.069,26.0,0.99625,3.29,0.53,9.3,94.0
182,7.2,0.73,0.02,2.5,0.076,16.0,0.9972,3.44,0.52,9.3,26.0
237,7.2,0.645,0.0,1.9,0.097,15.0,0.99675,3.37,0.58,9.2,24.0
959,8.0,0.59,0.05,2.0,0.089,12.0,0.99735,3.36,0.61,10.0,20.0
148,6.9,0.49,0.1,2.3,0.074,12.0,0.9959,3.42,0.58,10.2,18.0
546,7.5,0.55,0.24,2.0,0.078,10.0,0.9983,3.45,0.78,9.5,18.0
513,10.5,0.51,0.64,2.4,0.107,6.0,0.9973,3.09,0.66,11.8,9.0
1298,5.7,0.6,0.0,1.4,0.063,11.0,0.99191,3.45,0.56,12.2,7.0
128,8.0,0.59,0.16,1.8,0.065,3.0,0.9962,3.42,0.92,10.5,13.0
1331,7.8,0.87,0.26,3.8,0.107,31.0,0.99668,3.26,0.46,9.2,36.0
491,9.2,0.41,0.5,2.5,0.055,12.0,0.9952,3.34,0.79,13.3,13.0
982,7.3,0.52,0.32,2.1,0.07,51.0,0.99418,3.34,0.82,12.9,19.0
1080,10.3,0.27,0.56,1.4,0.047,3.0,0.99471,3.16,0.51,11.8,5.0
617,11.5,0.31,0.51,2.2,0.079,14.0,0.9982,3.03,0.93,9.8,14.0
1316,5.4,0.74,0.0,1.2,0.041,16.0,0.99258,4.01,0.59,12.5,30.0
1213,9.6,0.38,0.42,1.9,0.071,5.0,0.99659,3.15,0.75,10.5,8.0
1568,7.0,0.56,0.13,1.6,0.077,25.0,0.99629,3.34,0.59,9.2,17.0
296,10.6,0.83,0.37,2.6,0.086,26.0,0.9981,3.16,0.52,9.9,44.0
1544,8.4,0.37,0.43,2.3,0.063,12.0,0.9955,3.17,0.81,11.2,7.0
447,9.3,0.48,0.29,2.1,0.127,6.0,0.9968,3.22,0.72,11.2,10.0
1490,7.1,0.22,0.49,1.8,0.039,8.0,0.99344,3.39,0.56,12.4,10.0
1047,7.1,0.43,0.17,1.8,0.082,27.0,0.99634,3.49,0.64,10.4,24.0
1434,10.2,0.54,0.37,15.4,0.214,55.0,1.00369,3.18,0.77,9.0,40.0
34,5.2,0.32,0.25,1.8,0.103,13.0,0.9957,3.38,0.55,9.2,37.0
1261,6.3,1.02,0.0,2.0,0.083,17.0,0.99437,3.59,0.55,11.2,7.0
1589,6.6,0.725,0.2,7.8,0.073,29.0,0.9977,3.29,0.54,9.2,50.0
1192,7.2,0.25,0.37,2.5,0.063,11.0,0.99439,3.52,0.8,12.4,30.0
1472,7.6,0.35,0.6,2.6,0.073,23.0,0.99656,3.38,0.79,11.1,21.0
918,8.4,0.36,0.32,2.2,0.081,32.0,0.9964,3.3,0.72,11.0,47.0
683,8.1,0.78,0.23,2.6,0.059,5.0,0.997,3.37,0.56,11.3,10.0
912,10.0,0.46,0.44,2.9,0.065,4.0,0.99674,3.33,0.62,12.2,4.0
134,7.9,1.04,0.05,2.2,0.084,13.0,0.9959,3.22,0.55,9.9,16.0
133,6.6,0.5,0.01,1.5,0.06,17.0,0.9952,3.4,0.58,9.8,9.0
811,12.9,0.5,0.55,2.8,0.072,7.0,1.00012,3.09,0.68,10.9,17.0
1311,6.5,0.51,0.15,3.0,0.064,12.0,0.9929,3.33,0.59,12.8,15.0
723,7.1,0.31,0.3,2.2,0.053,36.0,0.9965,2.94,1.62,9.5,91.0
1329,7.4,0.6,0.26,2.1,0.083,17.0,0.99616,3.29,0.56,9.8,74.0
329,10.7,0.46,0.39,2.0,0.061,7.0,0.9981,3.18,0.62,9.5,8.0
53,8.6,0.38,0.36,3.0,0.081,30.0,0.997,3.2,0.56,9.4,89.0
700,10.6,1.02,0.43,2.9,0.076,26.0,0.9984,3.08,0.57,10.1,62.0
963,8.8,0.27,0.39,2.0,0.1,20.0,0.99546,3.15,0.69,11.2,7.0
394,12.7,0.6,0.65,2.3,0.063,6.0,0.9997,3.03,0.57,9.9,19.0
1597,5.9,0.645,0.12,2.0,0.075,32.0,0.99547,3.57,0.71,10.2,12.0
1280,7.1,0.46,0.2,1.9,0.077,28.0,0.9956,3.37,0.64,10.4,26.0
858,11.7,0.28,0.47,1.7,0.054,17.0,0.99686,3.15,0.67,10.6,15.0
107,6.2,0.63,0.31,1.7,0.088,15.0,0.9969,3.46,0.79,9.3,49.0
836,6.7,0.28,0.28,2.4,0.012,36.0,0.99064,3.26,0.39,11.7,64.0
1079,7.9,0.3,0.68,8.3,0.05,37.5,0.99316,3.01,0.51,12.3,240.5
973,8.5,0.34,0.44,1.7,0.079,6.0,0.99605,3.52,0.63,10.7,6.0
1482,7.2,0.58,0.54,2.1,0.114,3.0,0.99719,3.33,0.57,10.3,6.0
1249,7.1,0.6,0.01,2.3,0.079,24.0,0.99514,3.4,0.61,10.9,13.0
1403,7.2,0.33,0.33,1.7,0.061,3.0,0.996,3.23,1.1,10.0,10.0
1110,8.3,0.53,0.0,1.4,0.07,6.0,0.99593,3.25,0.64,10.0,8.0
803,7.7,0.56,0.08,2.5,0.114,14.0,0.9971,3.24,0.66,9.6,32.0
115,9.4,0.4,0.31,2.2,0.09,13.0,0.9966,3.07,0.63,10.5,49.0
457,9.2,0.63,0.21,2.7,0.097,29.0,0.9988,3.28,0.58,9.6,36.0
501,10.4,0.44,0.73,6.55,0.074,38.0,0.999,3.17,0.85,12.0,38.0
59,7.3,0.39,0.31,2.4,0.074,9.0,0.9962,3.41,0.54,9.4,37.0
978,7.0,0.4,0.32,3.6,0.061,9.0,0.99416,3.28,0.49,11.3,20.0
1397,7.3,0.59,0.26,2.0,0.08,17.0,0.99584,3.28,0.52,9.9,87.0
245,7.3,0.66,0.0,2.0,0.084,6.0,0.9983,3.61,0.96,9.9,17.0
1191,6.5,0.885,0.0,2.3,0.166,6.0,0.99551,3.56,0.51,10.8,6.0
652,15.9,0.36,0.65,7.5,0.096,22.0,0.9976,2.98,0.84,14.9,49.0
516,12.5,0.6,0.49,4.3,0.1,5.0,1.001,3.25,0.74,11.9,9.0
437,11.1,0.45,0.73,3.2,0.066,6.0,0.9986,3.17,0.66,11.2,16.0
674,10.8,0.4,0.41,2.2,0.084,7.0,0.9984,3.08,0.67,9.3,10.0
1128,10.0,0.43,0.33,2.7,0.095,28.0,0.9984,3.22,0.68,10.0,61.0
64,7.2,0.725,0.05,4.65,0.086,4.0,0.9962,3.41,0.39,10.9,7.0
418,11.9,0.38,0.51,2.0,0.121,7.0,0.9996,3.24,0.76,10.4,13.0
709,9.7,0.31,0.47,1.6,0.062,13.0,0.9983,3.27,0.66,10.0,20.0
189,7.9,0.49,0.32,1.9,0.082,17.0,0.9968,3.2,0.55,9.5,127.0
1170,9.2,0.36,0.34,1.6,0.062,5.0,0.99667,3.2,0.67,10.5,7.0
1572,7.3,0.69,0.32,2.2,0.069,35.0,0.99632,3.33,0.51,9.5,69.0
1207,9.9,0.72,0.55,1.7,0.136,24.0,0.99752,3.35,0.94,10.0,28.0
1494,6.4,0.31,0.09,1.4,0.066,15.0,0.99459,3.42,0.7,10.0,13.0
1455,6.5,0.9,0.0,1.6,0.052,9.0,0.99467,3.5,0.63,10.9,8.0
1509,7.9,0.18,0.4,1.8,0.062,7.0,0.9941,3.28,0.7,11.1,13.0
1109,10.8,0.47,0.43,2.1,0.171,27.0,0.9982,3.17,0.76,10.8,39.0
355,6.7,0.75,0.01,2.4,0.078,17.0,0.9955,3.55,0.61,12.8,15.0
735,7.7,0.965,0.1,2.1,0.112,11.0,0.9963,3.26,0.5,9.5,11.0
1539,7.2,0.39,0.32,1.8,0.065,34.0,0.99714,3.46,0.78,9.9,26.0
731,8.9,0.875,0.13,3.45,0.088,4.0,0.9994,3.44,0.52,11.5,10.0
507,11.2,0.67,0.55,2.3,0.084,6.0,1.0,3.17,0.71,9.5,7.0
431,7.8,0.55,0.35,2.2,0.074,21.0,0.9974,3.25,0.56,9.2,45.0
63,7.0,0.735,0.05,2.0,0.081,13.0,0.9966,3.39,0.57,9.8,41.0
37,8.1,0.38,0.28,2.1,0.066,13.0,0.9968,3.23,0.73,9.7,17.0
73,8.3,0.675,0.26,2.1,0.084,11.0,0.9976,3.31,0.53,9.2,32.0
201,8.8,0.37,0.48,2.1,0.097,39.0,0.9975,3.04,1.03,9.3,106.0
1443,6.9,0.58,0.2,1.75,0.058,8.0,0.99322,3.38,0.49,11.7,14.0
1158,6.7,0.41,0.43,2.8,0.076,22.0,0.99572,3.42,1.16,10.6,32.0
1571,6.4,0.38,0.14,2.2,0.038,15.0,0.99514,3.44,0.65,11.1,10.0
1510,6.4,0.36,0.21,2.2,0.047,26.0,0.99661,3.47,0.77,9.7,22.0
1466,7.3,0.48,0.32,2.1,0.062,31.0,0.99728,3.3,0.65,10.0,23.0
947,8.3,0.28,0.48,2.1,0.093,6.0,0.99408,3.26,0.62,12.4,6.0
1358,7.4,0.64,0.17,5.4,0.168,52.0,0.99736,3.28,0.5,9.5,46.0
655,9.7,0.55,0.17,2.9,0.087,20.0,1.0004,3.14,0.61,9.4,33.0
82,7.4,0.5,0.47,2.0,0.086,21.0,0.997,3.36,0.57,9.1,52.0
1017,8.0,0.18,0.37,0.9,0.049,36.0,0.99007,2.89,0.44,12.7,73.0
645,7.8,0.64,0.1,6.0,0.115,5.0,0.9984,3.37,0.69,10.1,6.0
524,9.2,0.43,0.49,2.4,0.086,23.0,0.9976,3.23,0.64,9.5,93.0
1324,6.7,0.46,0.24,1.7,0.077,18.0,0.9948,3.39,0.6,10.6,16.0
850,9.3,0.43,0.44,1.9,0.085,9.0,0.99708,3.28,0.55,9.5,13.0
575,12.3,0.27,0.49,3.1,0.079,28.0,0.9993,3.2,0.8,10.2,18.0
762,8.8,0.7,0.0,1.7,0.069,8.0,0.99701,3.31,0.53,10.0,11.0
525,10.4,0.64,0.24,2.8,0.105,29.0,0.9998,3.24,0.67,9.9,24.0
1165,8.5,0.44,0.5,1.9,0.369,15.0,0.99634,3.01,1.1,9.4,23.0
1302,9.1,0.37,0.32,2.1,0.064,4.0,0.99576,3.3,0.8,11.2,11.0
293,6.9,0.36,0.25,2.4,0.098,5.0,0.9964,3.41,0.6,10.1,11.0
170,7.9,0.885,0.03,1.8,0.058,4.0,0.9972,3.36,0.33,9.1,4.0
805,8.2,0.28,0.4,2.4,0.052,4.0,0.99356,3.33,0.7,12.8,6.0
1461,6.2,0.785,0.0,2.1,0.06,6.0,0.99664,3.59,0.61,10.0,7.0
7,7.3,0.65,0.0,1.2,0.065,15.0,0.9946,3.39,0.47,10.0,6.0
906,7.2,0.54,0.27,2.6,0.084,12.0,0.9964,3.39,0.71,11.0,66.0
1182,10.2,0.4,0.4,2.5,0.068,41.0,0.99754,3.38,0.86,10.5,13.0
908,7.4,0.52,0.13,2.4,0.078,34.0,0.99528,3.43,0.59,10.8,27.0
493,8.7,0.69,0.31,3.0,0.086,23.0,1.0002,3.48,0.74,11.6,58.0
1019,7.0,0.5,0.14,1.8,0.078,10.0,0.99636,3.53,0.61,10.4,13.0
610,8.8,0.24,0.54,2.5,0.083,25.0,0.9983,3.39,0.54,9.2,32.0
1104,8.0,0.48,0.34,2.2,0.073,16.0,0.9936,3.28,0.66,12.4,9.0
522,8.2,0.39,0.49,2.3,0.099,47.0,0.9979,3.38,0.99,9.8,86.0
722,7.6,0.42,0.08,2.7,0.084,15.0,0.9968,3.21,0.59,10.0,33.0
618,11.4,0.46,0.5,2.7,0.122,4.0,1.0006,3.13,0.7,10.2,13.0
1395,8.6,0.685,0.1,1.6,0.092,3.0,0.99745,3.31,0.65,9.55,9.0
828,7.8,0.57,0.09,2.3,0.065,34.0,0.99417,3.46,0.74,12.7,11.0
404,7.7,0.69,0.05,2.7,0.075,15.0,0.9974,3.26,0.61,9.1,12.0
1092,7.0,0.54,0.09,2.0,0.081,10.0,0.99479,3.43,0.59,11.5,6.0
608,10.1,0.65,0.37,5.1,0.11,11.0,1.0026,3.32,0.64,10.4,54.0
139,7.8,0.56,0.19,2.0,0.081,17.0,0.9962,3.32,0.54,9.5,91.0
1432,5.9,0.44,0.0,1.6,0.042,3.0,0.9944,3.48,0.85,11.7,8.0
812,10.8,0.45,0.33,2.5,0.099,20.0,0.99818,3.24,0.71,10.8,18.0
444,5.3,0.57,0.01,1.7,0.054,5.0,0.9934,3.57,0.84,12.5,22.0
942,10.1,0.43,0.4,2.6,0.092,13.0,0.99834,3.22,0.64,10.0,39.0
1143,7.0,0.22,0.3,1.8,0.065,16.0,0.99672,3.61,0.82,10.0,4.0
698,9.4,0.615,0.28,3.2,0.087,18.0,1.0001,3.31,0.53,9.7,54.0
1185,7.0,0.43,0.3,2.0,0.085,6.0,0.99346,3.33,0.46,11.9,33.0
1097,8.6,0.52,0.38,1.5,0.096,5.0,0.99666,3.2,0.52,9.4,13.0
628,8.7,0.54,0.26,2.5,0.097,7.0,0.9976,3.27,0.6,9.3,24.0
1195,6.2,0.43,0.22,1.8,0.078,21.0,0.99633,3.52,0.6,9.5,35.0
727,6.4,0.57,0.02,1.8,0.067,4.0,0.997,3.46,0.68,9.5,7.0
69,8.0,0.705,0.05,1.9,0.074,8.0,0.9962,3.34,0.95,10.5,11.0
944,8.3,0.3,0.49,3.8,0.09,11.0,0.99498,3.27,0.64,12.1,13.0
1554,6.6,0.855,0.02,2.4,0.062,15.0,0.99627,3.54,0.6,11.0,8.0
956,9.0,0.36,0.52,2.1,0.111,5.0,0.99568,3.31,0.62,11.3,5.0
1225,9.2,0.46,0.23,2.6,0.091,18.0,0.99922,3.15,0.51,9.4,59.0
1177,7.1,0.66,0.0,2.4,0.052,6.0,0.99318,3.35,0.66,12.7,5.0
467,8.8,0.46,0.45,2.6,0.065,7.0,0.9947,3.32,0.79,14.0,11.0
448,8.6,0.53,0.22,2.0,0.1,7.0,0.9967,3.2,0.56,10.2,20.0
1473,6.1,0.6,0.08,1.8,0.071,14.0,0.99336,3.38,0.54,11.0,31.0
117,7.8,0.56,0.12,2.0,0.082,7.0,0.997,3.37,0.5,9.4,21.0
1282,7.9,0.765,0.0,2.0,0.084,9.0,0.99619,3.33,0.68,10.9,13.0
1279,9.8,0.3,0.39,1.7,0.062,3.0,0.9948,3.14,0.57,11.5,6.0
1041,6.9,0.49,0.19,1.7,0.079,13.0,0.99547,3.38,0.64,9.8,13.0
198,5.4,0.835,0.08,1.2,0.046,13.0,0.9924,3.57,0.85,13.0,80.0
281,7.7,0.27,0.68,3.5,0.358,5.0,0.9972,3.25,1.08,9.9,5.0
1357,7.3,0.43,0.24,2.5,0.078,27.0,0.99648,3.6,0.59,11.1,40.0
1470,10.0,0.69,0.11,1.4,0.084,8.0,0.99578,2.88,0.47,9.7,16.0
1391,8.0,0.64,0.22,2.4,0.094,5.0,0.99612,3.37,0.58,11.0,28.0
931,7.4,0.61,0.01,2.0,0.074,13.0,0.99748,3.48,0.65,9.8,25.0
585,7.6,0.51,0.24,2.4,0.091,8.0,0.998,3.47,0.66,9.6,30.0
607,8.8,0.48,0.41,3.3,0.092,26.0,0.9982,3.31,0.53,10.5,26.0
1053,8.3,0.33,0.42,2.3,0.07,9.0,0.99426,3.38,0.77,12.7,11.0
1306,9.7,0.69,0.32,2.5,0.088,22.0,0.9979,3.29,0.62,10.1,69.0
965,8.3,0.34,0.4,2.4,0.065,24.0,0.99554,3.34,0.86,11.0,24.0
1145,8.2,0.2,0.43,2.5,0.076,31.0,0.99672,3.53,0.81,10.4,20.0
106,7.8,0.41,0.68,1.7,0.467,18.0,0.9973,3.08,1.31,9.3,51.0
1239,6.5,0.67,0.0,4.3,0.057,11.0,0.99488,3.45,0.56,11.8,9.0
849,6.4,0.63,0.21,1.6,0.08,12.0,0.99689,3.58,0.66,9.8,20.0
287,7.5,0.4,0.12,3.0,0.092,29.0,0.9967,3.37,0.7,10.3,24.0
10,6.7,0.58,0.08,1.8,0.097,15.0,0.9959,3.28,0.54,9.2,50.0
203,7.0,0.42,0.35,1.6,0.088,16.0,0.9961,3.34,0.55,9.2,23.0
681,8.0,0.45,0.23,2.2,0.094,16.0,0.9962,3.21,0.49,10.2,13.0
905,9.2,0.58,0.2,3.0,0.081,15.0,0.998,3.23,0.59,9.5,100.0
970,10.4,0.26,0.48,1.9,0.066,6.0,0.99724,3.33,0.87,10.9,4.0
1146,7.8,0.5,0.12,1.8,0.178,6.0,0.996,3.28,0.87,9.8,15.0
1066,6.6,0.52,0.08,2.4,0.07,13.0,0.99358,3.4,0.72,12.5,13.0
999,6.4,0.69,0.0,1.65,0.055,7.0,0.99162,3.47,0.53,12.9,5.0
455,11.3,0.62,0.67,5.2,0.086,6.0,0.9988,3.22,0.69,13.4,13.0
288,8.7,0.52,0.09,2.5,0.091,20.0,0.9976,3.34,0.86,10.6,29.0
1531,6.1,0.705,0.1,2.8,0.081,13.0,0.99631,3.6,0.66,10.2,15.0
1535,7.0,0.55,0.13,2.2,0.075,15.0,0.9959,3.36,0.59,9.7,20.0
381,13.7,0.415,0.68,2.9,0.085,17.0,1.0014,3.06,0.8,10.0,26.0
1234,7.1,0.75,0.01,2.2,0.059,11.0,0.99242,3.39,0.4,12.8,7.0
1179,8.2,0.35,0.33,2.4,0.076,11.0,0.99599,3.27,0.81,11.0,36.0
1189,8.8,0.955,0.05,1.8,0.075,5.0,0.99616,3.3,0.44,9.6,14.0
1497,6.9,0.74,0.03,2.3,0.054,7.0,0.99508,3.45,0.63,11.5,9.0
979,12.2,0.45,0.49,1.4,0.075,3.0,0.9969,3.13,0.63,10.4,3.0
810,7.3,0.49,0.1,2.6,0.068,4.0,0.99562,3.3,0.47,10.5,10.0
534,10.0,0.48,0.24,2.7,0.102,13.0,1.0,3.28,0.56,10.0,19.0
39,7.3,0.45,0.36,5.9,0.074,12.0,0.9978,3.33,0.83,10.5,75.0
840,11.1,0.42,0.47,2.65,0.085,9.0,0.99736,3.24,0.77,12.1,25.0
103,8.1,0.575,0.22,2.1,0.077,12.0,0.9967,3.29,0.51,9.2,53.0
1235,6.0,0.33,0.32,12.9,0.054,6.0,0.99572,3.3,0.56,11.5,107.0
1272,5.9,0.46,0.0,1.9,0.077,25.0,0.99385,3.5,0.53,11.2,19.0
1147,10.0,0.41,0.45,6.2,0.071,6.0,0.99702,3.21,0.49,11.8,8.0
1242,9.0,0.4,0.41,2.0,0.058,15.0,0.99414,3.22,0.6,12.2,25.0
968,9.0,0.4,0.43,2.4,0.068,29.0,0.9943,3.2,0.6,12.2,17.0
634,7.9,0.35,0.21,1.9,0.073,46.0,0.9964,3.27,0.58,9.5,56.0
318,9.8,0.66,0.39,3.2,0.083,21.0,0.9989,3.37,0.71,11.5,38.0
474,10.5,0.28,0.51,1.7,0.08,10.0,0.9982,3.2,0.89,9.4,14.0
440,12.6,0.31,0.72,2.2,0.072,6.0,0.9987,2.88,0.82,9.8,23.0
1451,7.8,0.32,0.44,2.7,0.104,8.0,0.99732,3.33,0.78,11.0,9.0
466,10.3,0.5,0.42,2.0,0.069,21.0,0.9982,3.16,0.72,11.5,30.0
1313,7.0,0.36,0.21,2.3,0.086,20.0,0.99558,3.4,0.54,10.1,45.0
1037,7.3,0.91,0.1,1.8,0.074,20.0,0.99672,3.35,0.56,9.2,36.0
825,7.1,0.46,0.14,2.8,0.076,15.0,0.99624,3.36,0.49,10.7,22.0
1361,8.3,0.85,0.14,2.5,0.093,13.0,0.99724,3.36,0.54,10.1,41.0
830,7.5,0.685,0.07,2.5,0.058,5.0,0.99632,3.38,0.55,10.9,4.0
393,8.4,0.665,0.61,2.0,0.112,13.0,0.997,3.16,0.54,9.1,82.0
1388,6.6,0.64,0.31,6.1,0.083,7.0,0.99718,3.35,0.68,10.3,42.0
96,6.8,0.775,0.0,3.0,0.102,8.0,0.9965,3.45,0.56,10.7,15.0
1026,7.9,0.31,0.32,1.9,0.066,14.0,0.99364,3.41,0.56,12.6,22.0
1559,7.8,0.6,0.26,2.0,0.08,31.0,0.99622,3.21,0.52,9.9,100.0
309,7.4,0.29,0.38,1.7,0.062,9.0,0.9968,3.41,0.53,9.5,21.0
621,8.2,0.56,0.23,3.4,0.078,14.0,0.9976,3.28,0.62,9.4,90.0
1233,10.2,0.23,0.37,2.2,0.057,14.0,0.99614,3.23,0.49,9.3,22.0
1114,5.0,0.4,0.5,4.3,0.046,29.0,0.9902,3.49,0.66,13.6,51.0
900,8.9,0.31,0.36,2.6,0.056,10.0,0.99562,3.4,0.69,11.8,29.0
151,9.2,0.52,1.0,3.4,0.61,32.0,0.9996,2.74,2.0,9.4,37.0
1087,7.9,0.19,0.42,1.6,0.057,18.0,0.994,3.29,0.69,11.2,12.0
1305,7.5,0.61,0.26,1.9,0.073,24.0,0.99612,3.3,0.53,9.8,64.0
1595,5.9,0.55,0.1,2.2,0.062,39.0,0.99512,3.52,0.76,11.2,12.0
199,6.9,1.09,0.06,2.1,0.061,12.0,0.9948,3.51,0.43,11.4,19.0
1264,8.5,0.37,0.32,1.8,0.066,26.0,0.99456,3.38,0.72,11.8,25.0
1512,6.4,0.79,0.04,2.2,0.061,11.0,0.99588,3.53,0.65,10.4,6.0
125,9.0,0.62,0.04,1.9,0.146,27.0,0.9984,3.16,0.7,9.4,63.0
1219,9.0,0.39,0.4,1.3,0.044,25.0,0.99478,3.2,0.83,10.9,25.0
1433,6.1,0.4,0.16,1.8,0.069,11.0,0.9955,3.42,0.74,10.1,14.0
268,6.9,0.54,0.04,3.0,0.077,7.0,0.9987,3.69,0.91,9.4,20.0
953,10.2,0.34,0.48,2.1,0.052,5.0,0.99458,3.2,0.69,12.1,4.0
1100,8.4,0.34,0.42,2.1,0.072,23.0,0.99392,3.11,0.78,12.4,13.0
403,11.4,0.6,0.49,2.7,0.085,10.0,0.9994,3.15,0.63,10.5,31.0
1549,7.4,0.36,0.3,1.8,0.074,17.0,0.99419,3.24,0.7,11.4,7.0
503,10.5,0.26,0.47,1.9,0.078,6.0,0.9976,3.18,1.04,10.9,18.0
345,7.0,0.685,0.0,1.9,0.067,40.0,0.9979,3.6,0.81,9.9,23.0
322,7.8,0.62,0.05,2.3,0.079,6.0,0.99735,3.29,0.63,9.3,12.0
1290,7.6,0.74,0.0,1.9,0.1,6.0,0.99521,3.36,0.59,11.0,6.0
1448,6.9,0.58,0.01,1.9,0.08,40.0,0.99683,3.4,0.73,9.7,14.0
796,8.7,0.46,0.31,2.5,0.126,24.0,0.99746,3.1,0.74,9.6,40.0
1471,6.7,0.7,0.08,3.75,0.067,8.0,0.99334,3.43,0.52,12.6,8.0
1399,7.2,0.67,0.0,2.2,0.068,10.0,0.9956,3.42,0.72,11.1,14.0
726,8.1,0.72,0.09,2.8,0.084,18.0,0.9994,3.43,0.72,11.1,31.0
349,9.1,0.785,0.0,2.6,0.093,11.0,0.9994,3.36,0.86,9.4,17.0
1217,8.2,0.34,0.37,1.9,0.057,43.0,0.99408,3.23,0.81,12.0,31.0
764,9.1,0.68,0.11,2.8,0.093,11.0,0.99888,3.31,0.55,9.5,33.0
423,10.5,0.24,0.47,2.1,0.066,6.0,0.9978,3.15,0.9,11.0,18.0
167,7.3,0.55,0.03,1.6,0.072,17.0,0.9956,3.37,0.48,9.0,25.0
919,8.4,0.62,0.12,1.8,0.072,38.0,0.99504,3.38,0.89,11.8,8.0
1246,7.4,0.74,0.07,1.7,0.086,15.0,0.99502,3.12,0.48,10.0,33.0
406,9.8,0.44,0.47,2.5,0.063,9.0,0.9981,3.24,0.65,10.8,19.0
1108,8.1,0.78,0.1,3.3,0.09,4.0,0.99855,3.36,0.49,9.5,9.0
1230,7.7,0.18,0.34,2.7,0.066,15.0,0.9947,3.37,0.78,11.8,43.0
365,10.0,0.42,0.5,3.4,0.107,7.0,0.9979,3.26,0.93,11.8,14.0
1376,8.2,0.885,0.2,1.4,0.086,7.0,0.9946,3.11,0.46,10.0,24.0
242,7.7,0.58,0.1,1.8,0.102,28.0,0.99565,3.08,0.49,9.8,81.0
873,9.1,0.21,0.37,1.6,0.067,6.0,0.99552,3.23,0.58,11.1,4.0
213,8.2,0.57,0.26,2.2,0.06,28.0,0.9959,3.3,0.43,10.1,37.0
595,8.9,0.595,0.41,7.9,0.086,30.0,0.9998,3.27,0.57,9.3,79.0
1463,6.9,0.63,0.01,2.4,0.076,14.0,0.99522,3.34,0.53,10.8,25.0
1291,8.2,0.635,0.1,2.1,0.073,25.0,0.99638,3.29,0.75,10.9,35.0
1086,8.5,0.34,0.4,4.7,0.055,3.0,0.99738,3.38,0.66,11.6,6.0
675,9.3,0.41,0.39,2.2,0.064,12.0,0.9984,3.26,0.65,10.2,19.0
891,7.2,0.66,0.03,2.3,0.078,16.0,0.99743,3.53,0.57,9.7,70.0
800,7.2,0.61,0.08,4.0,0.082,26.0,0.99641,3.25,0.51,9.4,82.0
1215,8.8,0.27,0.46,2.1,0.095,20.0,0.99488,3.26,0.56,11.3,9.0
1493,7.7,0.54,0.26,1.9,0.089,23.0,0.99636,3.26,0.59,9.7,124.0
47,8.7,0.29,0.52,1.6,0.113,12.0,0.9969,3.25,0.58,9.5,25.0
1123,10.7,0.4,0.37,1.9,0.081,17.0,0.99674,3.12,0.65,11.2,12.0
351,9.1,0.795,0.0,2.6,0.096,11.0,0.9994,3.35,0.83,9.4,15.0
1415,6.2,0.58,0.0,1.6,0.065,8.0,0.9966,3.56,0.84,9.4,10.0
835,7.6,0.665,0.1,1.5,0.066,27.0,0.99655,3.39,0.51,9.3,28.0
1014,8.0,0.58,0.16,2.0,0.12,3.0,0.99454,3.22,0.58,11.2,4.0
795,10.8,0.89,0.3,2.6,0.132,7.0,0.99786,2.99,1.18,10.2,53.0
880,9.2,0.56,0.18,1.6,0.078,10.0,0.99576,3.15,0.49,9.9,11.0
214,7.8,0.735,0.08,2.4,0.092,10.0,0.9974,3.24,0.71,9.8,31.0
81,7.8,0.43,0.7,1.9,0.464,22.0,0.9974,3.13,1.28,9.4,45.0
519,7.3,0.365,0.49,2.5,0.088,39.0,0.9966,3.36,0.78,11.0,67.0
396,6.6,0.735,0.02,7.9,0.122,68.0,0.9994,3.47,0.53,9.9,56.0
155,7.1,0.43,0.42,5.5,0.071,28.0,0.9973,3.42,0.71,10.5,100.0
520,9.8,0.25,0.49,2.7,0.088,15.0,0.9982,3.42,0.9,10.0,18.0
952,8.2,0.31,0.4,2.2,0.058,6.0,0.99536,3.31,0.68,11.2,4.0
853,9.3,0.36,0.39,1.5,0.08,41.0,0.99652,3.47,0.73,10.9,14.0
924,8.6,0.47,0.27,2.3,0.055,14.0,0.99516,3.18,0.8,11.2,14.0
867,6.9,0.51,0.23,2.0,0.072,13.0,0.99438,3.4,0.84,11.2,9.0
773,7.9,0.4,0.29,1.8,0.157,1.0,0.9973,3.3,0.92,9.5,43.0
658,7.2,0.52,0.07,1.4,0.074,5.0,0.9973,3.32,0.81,9.6,15.0
509,13.3,0.29,0.75,2.8,0.084,23.0,0.9986,3.04,0.68,11.4,20.0
92,8.6,0.49,0.29,2.0,0.11,19.0,0.9972,2.93,1.98,9.8,114.0
45,4.6,0.52,0.15,2.1,0.054,8.0,0.9934,3.9,0.56,13.1,57.0
56,10.2,0.42,0.57,3.4,0.07,4.0,0.9971,3.04,0.63,9.6,6.0
421,6.6,0.84,0.03,2.3,0.059,32.0,0.9952,3.52,0.56,12.3,16.0
684,9.8,0.98,0.32,2.3,0.078,35.0,0.998,3.25,0.48,9.4,117.0
1073,8.0,0.62,0.33,2.7,0.088,16.0,0.9972,3.31,0.58,10.7,21.0
149,8.2,0.4,0.44,2.8,0.089,11.0,0.9975,3.53,0.61,10.5,32.0
80,6.2,0.45,0.2,1.6,0.069,3.0,0.9958,3.41,0.56,9.2,12.0
845,6.4,0.64,0.21,1.8,0.081,14.0,0.99689,3.59,0.66,9.8,17.0
1579,6.2,0.56,0.09,1.7,0.053,24.0,0.99402,3.54,0.6,11.3,8.0
1000,7.5,0.43,0.3,2.2,0.062,6.0,0.99495,3.44,0.72,11.5,6.0
929,8.7,0.33,0.38,3.3,0.063,10.0,0.99468,3.3,0.73,12.0,9.0
969,6.7,0.56,0.09,2.9,0.079,7.0,0.99669,3.46,0.61,10.2,15.0
43,8.1,0.66,0.22,2.2,0.069,9.0,0.9968,3.3,1.2,10.3,14.0
732,7.3,0.835,0.03,2.1,0.092,10.0,0.9966,3.39,0.47,9.6,9.0
1284,7.0,0.42,0.19,2.3,0.071,18.0,0.99476,3.39,0.56,10.9,18.0
562,9.0,0.54,0.49,2.9,0.094,41.0,0.9982,3.08,0.61,9.2,69.0
894,7.2,0.63,0.03,2.2,0.08,17.0,0.99745,3.53,0.58,9.8,71.0
332,8.0,0.58,0.28,3.2,0.066,21.0,0.9973,3.22,0.54,9.4,93.0
672,9.8,1.24,0.34,2.0,0.079,32.0,0.998,3.15,0.53,9.5,119.0
1301,6.7,0.86,0.07,2.0,0.1,20.0,0.99598,3.6,0.74,11.7,37.0
1439,7.3,0.67,0.02,2.2,0.072,31.0,0.99566,3.32,0.68,11.06666667,61.0
1575,7.5,0.52,0.4,2.2,0.06,12.0,0.99474,3.26,0.64,11.8,8.0
1275,8.0,0.715,0.22,2.3,0.075,13.0,0.99688,3.24,0.54,9.5,68.0
580,12.3,0.5,0.49,2.2,0.089,5.0,1.0002,3.19,0.44,9.6,9.0
14,8.9,0.62,0.18,3.8,0.176,52.0,0.9986,3.16,0.88,9.2,93.0
1408,8.1,0.29,0.36,2.2,0.048,35.0,0.995,3.27,1.01,12.4,18.0
910,9.3,0.38,0.48,3.8,0.132,3.0,0.99577,3.23,0.57,13.2,8.0
1293,7.5,0.755,0.0,1.9,0.084,6.0,0.99672,3.34,0.49,9.7,6.0
137,7.2,0.415,0.36,2.0,0.081,13.0,0.9972,3.48,0.64,9.2,32.0
940,9.6,0.33,0.52,2.2,0.074,13.0,0.99509,3.36,0.76,12.4,12.0
1483,8.1,0.33,0.44,1.5,0.042,6.0,0.99542,3.35,0.61,10.7,6.0
385,7.4,0.63,0.07,2.4,0.09,11.0,0.9979,3.43,0.76,9.7,26.0
572,10.2,0.24,0.49,2.4,0.075,10.0,0.9978,3.14,0.61,10.4,18.0
426,6.4,0.67,0.08,2.1,0.045,19.0,0.9949,3.49,0.49,11.4,29.0
62,7.5,0.52,0.16,1.9,0.085,12.0,0.9968,3.38,0.62,9.5,23.0
1060,11.6,0.23,0.57,1.8,0.074,3.0,0.9981,3.14,0.7,9.9,5.0
55,7.7,0.62,0.04,3.8,0.084,25.0,0.9978,3.34,0.53,9.5,20.0
1065,7.7,0.61,0.18,2.4,0.083,6.0,0.9963,3.29,0.6,10.2,14.0
545,9.1,0.47,0.49,2.6,0.094,38.0,0.9982,3.08,0.59,9.1,68.0
1297,7.2,0.53,0.14,2.1,0.064,15.0,0.99323,3.35,0.61,12.1,14.0
552,9.5,0.46,0.24,2.7,0.092,14.0,0.998,3.12,0.74,10.0,30.0
715,7.2,0.49,0.18,2.7,0.069,13.0,0.9967,3.29,0.48,9.2,21.0
127,8.1,1.33,0.0,1.8,0.082,3.0,0.9964,3.54,0.48,10.9,9.0
344,11.9,0.57,0.5,2.6,0.082,6.0,1.0006,3.12,0.78,10.7,26.0
1580,7.4,0.35,0.33,2.4,0.068,9.0,0.9947,3.36,0.6,11.9,17.0
145,8.1,0.67,0.55,1.8,0.117,32.0,0.9968,3.17,0.62,9.4,109.0
1334,7.2,0.835,0.0,2.0,0.166,4.0,0.99608,3.39,0.52,10.0,7.0
22,7.9,0.43,0.21,1.6,0.106,10.0,0.9966,3.17,0.91,9.5,27.0
1555,7.0,0.56,0.17,1.7,0.065,15.0,0.99514,3.44,0.68,10.55,9.0
1292,5.9,0.395,0.13,2.4,0.056,14.0,0.99362,3.62,0.67,12.4,14.0
888,6.8,0.57,0.0,2.5,0.072,32.0,0.99491,3.43,0.56,11.2,32.0
483,10.6,0.36,0.6,2.2,0.152,7.0,0.9986,3.04,1.06,9.4,11.0
954,7.6,0.43,0.4,2.7,0.082,6.0,0.99538,3.44,0.54,12.2,5.0
1255,6.1,0.64,0.02,2.4,0.069,26.0,0.99358,3.47,0.45,11.0,20.0
1028,7.2,0.34,0.21,2.5,0.075,41.0,0.99586,3.37,0.54,10.1,27.0
1367,6.9,0.54,0.3,2.2,0.088,9.0,0.99725,3.25,1.18,10.5,96.0
743,11.6,0.41,0.58,2.8,0.096,25.0,1.00024,3.13,0.53,10.0,76.0
1385,8.0,0.81,0.25,3.4,0.076,34.0,0.99668,3.19,0.42,9.2,51.0
626,8.8,0.6,0.29,2.2,0.098,5.0,0.9988,3.36,0.49,9.1,10.0
1574,5.6,0.31,0.78,13.9,0.074,23.0,0.99677,3.39,0.48,10.5,69.0
738,9.0,0.46,0.23,2.8,0.092,28.0,0.9983,3.1,0.56,9.2,76.0
337,7.8,0.43,0.32,2.8,0.08,29.0,0.9974,3.31,0.64,10.3,29.0
541,9.5,0.46,0.49,6.3,0.064,5.0,0.9988,3.21,0.73,11.0,12.0
219,7.8,0.53,0.33,2.4,0.08,24.0,0.99655,3.3,0.6,9.5,120.0
695,5.1,0.47,0.02,1.3,0.034,18.0,0.9921,3.9,0.62,12.8,26.0
1222,8.1,0.53,0.22,2.2,0.078,33.0,0.99678,3.26,0.46,9.6,56.0
67,6.6,0.705,0.07,1.6,0.076,6.0,0.9962,3.44,0.58,10.7,9.0
584,11.8,0.33,0.49,3.4,0.093,54.0,1.0002,3.3,0.76,10.7,26.0
1300,5.2,0.645,0.0,2.15,0.08,15.0,0.99444,3.78,0.61,12.5,13.0
938,7.2,0.38,0.38,2.8,0.068,23.0,0.99356,3.34,0.72,12.9,19.0
1354,7.2,0.58,0.03,2.3,0.077,7.0,0.99568,3.35,0.52,10.0,21.0
234,8.2,1.0,0.09,2.3,0.065,7.0,0.99685,3.32,0.55,9.0,30.0
230,5.2,0.48,0.04,1.6,0.054,19.0,0.9927,3.54,0.62,12.2,87.0
707,7.4,0.49,0.19,3.0,0.077,16.0,0.9966,3.37,0.51,10.5,21.0
1139,8.2,0.51,0.24,2.0,0.079,16.0,0.99764,3.34,0.64,9.5,70.0
1588,7.2,0.66,0.33,2.5,0.068,34.0,0.99414,3.27,0.78,12.8,68.0
780,7.0,0.57,0.0,2.0,0.19,12.0,0.99676,3.31,0.6,9.4,33.0
1444,7.3,0.67,0.02,2.2,0.072,31.0,0.99566,3.32,0.68,11.1,61.0
346,6.6,0.815,0.02,2.7,0.072,17.0,0.9955,3.58,0.89,12.3,17.0
321,9.3,0.61,0.26,3.4,0.09,25.0,0.99975,3.24,0.62,9.7,62.0
1404,8.0,0.5,0.39,2.6,0.082,12.0,0.9985,3.43,0.62,10.7,34.0
191,6.4,0.37,0.25,1.9,0.074,21.0,0.9974,3.57,0.62,9.8,28.0
1181,9.8,0.39,0.43,1.65,0.068,5.0,0.99478,3.19,0.46,11.4,6.0
1374,6.8,0.815,0.0,1.2,0.267,16.0,0.99471,3.32,0.51,9.8,13.0
1214,10.2,0.33,0.46,1.9,0.081,6.0,0.99628,3.1,0.48,10.4,3.0
667,11.3,0.34,0.45,2.0,0.082,6.0,0.9988,2.94,0.66,9.2,9.0
336,8.9,0.43,0.45,1.9,0.052,6.0,0.9948,3.35,0.7,12.5,10.0
384,7.7,0.51,0.28,2.1,0.087,23.0,0.998,3.42,0.74,9.2,31.0
1015,10.5,0.39,0.46,2.2,0.075,14.0,0.99598,3.06,0.84,11.4,13.0
809,7.6,0.48,0.31,2.8,0.07,4.0,0.99693,3.22,0.55,10.3,11.0
875,8.8,0.31,0.4,2.8,0.109,7.0,0.99614,3.31,0.79,11.8,9.0
280,11.4,0.26,0.44,3.6,0.071,6.0,0.9986,3.12,0.82,9.3,13.0
1245,7.4,0.55,0.19,1.8,0.082,15.0,0.99655,3.49,0.68,10.5,19.0
508,10.0,0.59,0.31,2.2,0.09,26.0,0.9994,3.18,0.63,10.2,36.0
515,8.5,0.655,0.49,6.1,0.122,34.0,1.001,3.31,1.14,9.3,117.0
357,10.5,0.42,0.66,2.95,0.116,12.0,0.997,3.24,0.75,11.7,17.0
518,10.9,0.21,0.49,2.8,0.088,11.0,0.9972,3.22,0.68,11.7,21.0
57,7.5,0.63,0.12,5.1,0.111,50.0,0.9983,3.26,0.77,9.4,60.0
578,8.8,0.47,0.49,2.9,0.085,17.0,0.9982,3.29,0.6,9.8,93.0
945,10.2,0.44,0.42,2.0,0.071,7.0,0.99566,3.14,0.79,11.1,13.0
602,7.7,0.835,0.0,2.6,0.081,6.0,0.9975,3.3,0.52,9.3,8.0
1505,6.7,0.76,0.02,1.8,0.078,6.0,0.996,3.55,0.63,9.95,6.0
218,7.5,0.49,0.19,1.9,0.076,10.0,0.9957,3.39,0.54,9.7,34.0
411,9.1,0.45,0.35,2.4,0.08,23.0,0.9987,3.38,0.62,9.5,55.0
1025,8.6,0.83,0.0,2.8,0.095,17.0,0.99822,3.33,0.6,10.4,26.0
587,7.3,0.73,0.24,1.9,0.108,18.0,0.9967,3.26,0.59,9.3,84.0
348,9.6,0.56,0.31,2.8,0.089,15.0,0.9979,3.11,0.92,10.0,31.0
1030,7.1,0.59,0.0,2.1,0.091,9.0,0.99488,3.42,0.55,11.5,5.0
713,8.0,0.43,0.36,2.3,0.075,10.0,0.9976,3.34,0.46,9.4,38.0
1389,6.7,0.48,0.02,2.2,0.08,36.0,0.99524,3.1,0.53,9.7,75.0
870,7.7,0.715,0.01,2.1,0.064,31.0,0.99371,3.41,0.57,11.8,12.0
589,10.2,0.29,0.49,2.6,0.059,5.0,0.9976,3.05,0.74,10.5,8.0
635,8.7,0.84,0.0,1.4,0.065,24.0,0.9954,3.27,0.55,9.7,9.0
756,6.3,0.98,0.01,2.0,0.057,15.0,0.99488,3.6,0.46,11.2,18.0
1273,7.5,0.58,0.2,2.0,0.073,34.0,0.99494,3.1,0.43,9.3,10.0
1431,7.6,0.43,0.31,2.1,0.069,13.0,0.9958,3.26,0.54,9.9,61.0
1253,7.9,0.66,0.0,1.4,0.096,6.0,0.99569,3.43,0.58,9.5,7.0
25,6.3,0.39,0.16,1.4,0.08,11.0,0.9955,3.34,0.56,9.3,12.0
775,7.2,1.0,0.0,3.0,0.102,7.0,0.99586,3.43,0.46,10.0,9.0
1032,8.1,0.82,0.0,4.1,0.095,5.0,0.99854,3.36,0.53,9.6,9.0
1001,9.9,0.35,0.38,1.5,0.058,31.0,0.99676,3.26,0.82,10.6,16.0
985,7.4,0.58,0.0,2.0,0.064,7.0,0.99562,3.45,0.58,11.3,4.0
1558,6.9,0.63,0.33,6.7,0.235,66.0,0.99787,3.22,0.56,9.5,49.0
1024,7.7,0.58,0.01,1.8,0.088,12.0,0.99568,3.32,0.56,10.5,6.0
1178,5.6,0.915,0.0,2.1,0.041,17.0,0.99346,3.68,0.73,11.4,61.0
1262,9.8,0.45,0.38,2.5,0.081,34.0,0.99726,3.15,0.58,9.8,32.0
38,5.7,1.13,0.09,1.5,0.172,7.0,0.994,3.5,0.48,9.8,12.0
1533,8.0,0.39,0.3,1.9,0.074,32.0,0.99717,3.39,0.61,9.0,52.0
1299,7.6,1.58,0.0,2.1,0.137,5.0,0.99476,3.5,0.4,10.9,4.0
479,9.4,0.685,0.11,2.7,0.077,6.0,0.9984,3.19,0.7,10.1,25.0
190,8.2,0.5,0.35,2.9,0.077,21.0,0.9976,3.23,0.62,9.4,106.0
101,7.8,0.5,0.3,1.9,0.075,8.0,0.9959,3.31,0.56,10.4,14.0
1365,7.8,0.5,0.09,2.2,0.115,10.0,0.9971,3.18,0.62,9.5,32.0
1149,10.0,0.35,0.47,2.0,0.061,6.0,0.99585,3.23,0.52,12.0,5.0
94,5.0,1.02,0.04,1.4,0.045,41.0,0.9938,3.75,0.48,10.5,44.0
183,6.8,0.61,0.2,1.8,0.077,11.0,0.9971,3.54,0.58,9.3,54.0
1352,7.6,0.645,0.03,1.9,0.086,14.0,0.9969,3.37,0.46,10.3,43.0
671,8.2,0.73,0.21,1.7,0.074,5.0,0.9968,3.2,0.52,9.5,8.0
272,10.9,0.37,0.58,4.0,0.071,17.0,0.99935,3.22,0.78,10.1,48.0
407,12.0,0.39,0.66,3.0,0.093,12.0,0.9996,3.18,0.63,10.8,18.0
84,6.3,0.3,0.48,1.8,0.069,18.0,0.9959,3.44,0.78,10.3,43.0
150,7.3,0.33,0.47,2.1,0.077,5.0,0.9958,3.33,0.53,10.3,6.0
967,8.5,0.66,0.2,2.1,0.097,23.0,0.99733,3.13,0.48,9.2,90.0
1133,7.2,0.48,0.07,5.5,0.089,10.0,0.99684,3.37,0.68,11.2,8.0
771,9.4,0.685,0.26,2.4,0.082,23.0,0.9978,3.28,0.55,9.4,120.0
1140,7.3,0.4,0.3,1.7,0.08,33.0,0.9969,3.41,0.65,9.5,46.0
1315,7.5,0.63,0.27,2.0,0.083,17.0,0.99616,3.26,0.58,9.8,74.0
282,7.6,0.52,0.12,3.0,0.067,12.0,0.9971,3.36,0.57,9.1,41.0
356,11.5,0.41,0.52,3.0,0.08,29.0,1.0001,3.26,0.88,11.0,26.0
1525,6.7,0.48,0.08,2.1,0.064,18.0,0.99552,3.33,0.64,9.7,16.0
436,8.0,0.67,0.3,2.0,0.06,38.0,0.9958,3.26,0.56,10.2,24.0
1012,7.7,1.005,0.15,2.1,0.102,11.0,0.99604,3.23,0.48,10.0,21.0
975,7.2,0.41,0.3,2.1,0.083,35.0,0.997,3.44,0.52,9.4,37.0
442,15.6,0.685,0.76,3.7,0.1,6.0,1.0032,2.95,0.68,11.2,37.0
71,7.7,0.67,0.23,2.1,0.088,17.0,0.9962,3.32,0.48,9.5,79.0
1590,6.3,0.55,0.15,1.8,0.077,26.0,0.99314,3.32,0.82,11.6,9.0
397,11.5,0.59,0.59,2.6,0.087,13.0,0.9988,3.18,0.65,11.0,36.0
116,8.3,0.54,0.28,1.9,0.077,11.0,0.9978,3.39,0.61,10.0,29.0
739,9.0,0.69,0.0,2.4,0.088,19.0,0.999,3.35,0.6,9.3,19.0
1547,6.3,0.6,0.1,1.6,0.048,12.0,0.99306,3.55,0.51,12.1,14.0
1333,9.1,0.775,0.22,2.2,0.079,12.0,0.9976,3.18,0.51,9.6,36.0
895,7.1,0.59,0.01,2.3,0.08,27.0,0.9955,3.42,0.58,10.7,16.0
1524,6.0,0.42,0.19,2.0,0.075,22.0,0.99522,3.39,0.78,10.0,25.0
472,12.5,0.37,0.55,2.6,0.083,25.0,0.9995,3.15,0.82,10.4,43.0
471,9.6,0.54,0.42,2.4,0.081,25.0,0.997,3.2,0.71,11.4,27.0
781,6.5,0.46,0.14,2.4,0.114,9.0,0.99732,3.66,0.65,9.8,28.0
1322,9.1,0.34,0.42,1.8,0.058,9.0,0.99392,3.18,0.55,11.4,9.0
798,9.4,0.5,0.34,3.6,0.082,5.0,0.9987,3.29,0.52,10.7,9.0
1075,9.1,0.25,0.34,2.0,0.071,45.0,0.99769,3.44,0.86,10.2,22.0
1489,6.2,0.57,0.1,2.1,0.048,4.0,0.99448,3.44,0.76,10.8,7.0
193,7.6,0.55,0.21,2.2,0.071,7.0,0.9964,3.28,0.55,9.7,21.0
417,7.0,0.58,0.12,1.9,0.091,34.0,0.9956,3.44,0.48,10.5,90.0
358,11.9,0.43,0.66,3.1,0.109,10.0,1.0,3.15,0.85,10.4,13.0
691,9.2,0.92,0.24,2.6,0.087,12.0,0.9998,3.48,0.54,9.8,81.0
1095,9.4,0.4,0.47,2.5,0.087,6.0,0.99772,3.15,0.5,10.5,14.0
253,7.7,0.775,0.42,1.9,0.092,8.0,0.9959,3.23,0.59,9.5,78.0
517,10.4,0.61,0.49,2.1,0.2,5.0,0.9994,3.16,0.63,8.4,11.0
833,11.6,0.47,0.44,1.6,0.147,36.0,0.99836,3.38,0.86,9.9,15.0
484,10.6,0.44,0.68,4.1,0.114,6.0,0.997,3.06,0.66,13.4,18.0
1536,6.1,0.53,0.08,1.9,0.077,24.0,0.99528,3.6,0.68,10.3,21.0
521,7.6,0.41,0.49,2.0,0.088,16.0,0.998,3.48,0.64,9.1,27.0
482,10.6,0.36,0.59,2.2,0.152,6.0,0.9986,3.04,1.05,9.4,12.0
146,5.8,0.68,0.02,1.8,0.087,21.0,0.9944,3.54,0.52,10.0,73.0
1157,5.1,0.51,0.18,2.1,0.042,16.0,0.9924,3.46,0.87,12.9,85.0
538,12.9,0.35,0.49,5.8,0.066,5.0,1.0014,3.2,0.66,12.0,30.0
930,6.6,0.61,0.01,1.9,0.08,8.0,0.99746,3.69,0.73,10.5,17.0
1400,7.9,0.69,0.21,2.1,0.08,33.0,0.9962,3.25,0.51,9.9,108.0
994,10.0,0.35,0.45,2.5,0.092,20.0,0.99918,3.15,0.43,9.4,68.0
544,14.3,0.31,0.74,1.8,0.075,6.0,1.0008,2.86,0.79,8.4,9.0
21,7.6,0.39,0.31,2.3,0.082,23.0,0.9982,3.52,0.65,9.7,48.0
225,7.7,0.43,0.25,2.6,0.073,29.0,0.99615,3.37,0.58,10.5,34.0
1276,8.5,0.4,0.4,6.3,0.05,3.0,0.99566,3.28,0.56,12.0,7.0
601,13.2,0.46,0.52,2.2,0.071,12.0,1.0006,3.1,0.56,9.0,23.0
197,11.5,0.3,0.6,2.0,0.067,12.0,0.9981,3.11,0.97,10.1,15.0
1057,7.6,0.42,0.25,3.9,0.104,28.0,0.99784,3.15,0.57,9.1,62.0
204,7.0,0.43,0.36,1.6,0.089,14.0,0.99615,3.34,0.56,9.2,23.0
1519,6.6,0.7,0.08,2.6,0.106,14.0,0.99665,3.44,0.58,10.2,13.0
79,8.3,0.625,0.2,1.5,0.08,27.0,0.9972,3.16,1.12,9.1,92.0
1241,9.8,0.37,0.39,2.5,0.079,28.0,0.99729,3.16,0.59,9.8,37.0
737,8.2,0.59,0.0,2.5,0.093,19.0,1.0002,3.5,0.65,9.3,39.0
1035,10.1,0.37,0.34,2.4,0.085,5.0,0.99683,3.17,0.65,10.6,12.0
1130,9.1,0.6,0.0,1.9,0.058,5.0,0.9977,3.18,0.63,10.4,5.0
1578,6.8,0.67,0.15,1.8,0.118,13.0,0.9954,3.42,0.67,11.3,7.0
960,8.5,0.47,0.27,1.9,0.058,18.0,0.99518,3.16,0.85,11.1,20.0
303,7.4,0.67,0.12,1.6,0.186,5.0,0.996,3.39,0.54,9.5,16.0
227,9.0,0.82,0.14,2.6,0.089,9.0,0.9984,3.39,0.63,9.8,14.0
1119,5.6,0.66,0.0,2.5,0.066,7.0,0.99256,3.52,0.58,12.9,8.0
338,12.4,0.49,0.58,3.0,0.103,28.0,1.0008,3.16,1.0,11.5,71.0
859,6.8,0.56,0.22,1.8,0.074,15.0,0.99438,3.4,0.82,11.2,9.0
100,8.3,0.61,0.3,2.1,0.084,11.0,0.9972,3.4,0.61,10.2,39.0
1111,5.4,0.42,0.27,2.0,0.092,23.0,0.99471,3.78,0.64,12.3,32.0
885,8.9,0.75,0.14,2.5,0.086,9.0,0.99824,3.34,0.64,10.5,21.0
793,7.7,0.6,0.0,2.6,0.055,7.0,0.99639,3.38,0.56,10.8,6.0
699,11.8,0.38,0.55,2.1,0.071,5.0,0.9986,3.11,0.62,10.8,14.0
892,10.1,0.45,0.23,1.9,0.082,10.0,0.99774,3.22,0.65,9.3,8.0
1257,7.0,0.58,0.28,4.8,0.085,12.0,0.99633,3.32,0.7,11.0,57.0
226,8.9,0.59,0.5,2.0,0.337,27.0,0.9964,3.04,1.61,9.5,54.0
138,7.8,0.56,0.19,2.1,0.081,15.0,0.9962,3.33,0.54,9.5,90.0
778,8.3,0.43,0.3,3.4,0.079,7.0,0.99788,3.36,0.61,10.5,27.0
529,9.9,0.63,0.24,2.4,0.077,6.0,0.9974,3.09,0.57,9.4,27.0
729,6.4,0.865,0.03,3.2,0.071,27.0,0.995,3.61,0.49,12.7,31.0
251,7.1,0.6,0.0,1.8,0.074,16.0,0.9972,3.47,0.7,9.9,18.0
757,8.1,0.87,0.0,2.2,0.084,10.0,0.99656,3.25,0.5,9.8,21.0
1194,7.0,0.745,0.12,1.8,0.114,15.0,0.99588,3.22,0.59,9.5,49.0
261,7.0,0.975,0.04,2.0,0.087,12.0,0.99565,3.35,0.6,9.4,55.0
113,10.1,0.31,0.44,2.3,0.08,22.0,0.9988,3.32,0.67,9.7,24.0
1218,8.2,0.4,0.31,1.9,0.082,8.0,0.996,3.24,0.69,10.6,16.0
1521,6.9,0.48,0.2,1.9,0.082,9.0,0.99585,3.39,0.43,9.05,14.0
241,12.0,0.38,0.56,2.1,0.093,6.0,0.99925,3.14,0.71,10.9,18.0
790,7.4,0.37,0.43,2.6,0.082,18.0,0.99708,3.33,0.68,9.7,64.0
168,6.8,0.63,0.07,2.1,0.089,11.0,0.9953,3.47,0.55,10.4,33.0
1514,6.9,0.84,0.21,4.1,0.074,16.0,0.99842,3.53,0.72,9.233333333,49.0
1513,6.4,0.56,0.15,1.8,0.078,17.0,0.99294,3.33,0.6,10.5,48.0
750,8.3,0.65,0.1,2.9,0.089,17.0,0.99803,3.29,0.55,9.5,23.0
1288,7.0,0.6,0.3,4.5,0.068,20.0,0.99914,3.3,1.17,10.2,90.0
678,8.3,0.78,0.1,2.6,0.081,45.0,0.9983,3.48,0.53,10.0,42.0
548,12.4,0.35,0.49,2.6,0.079,27.0,0.9994,3.12,0.75,10.4,42.0
1346,6.1,0.59,0.01,2.1,0.056,5.0,0.99472,3.52,0.56,11.4,8.0
861,5.8,1.01,0.66,2.0,0.039,15.0,0.99357,3.66,0.6,11.5,73.0
286,12.0,0.45,0.55,2.0,0.073,25.0,0.9997,3.1,0.76,10.3,24.0
824,7.1,0.48,0.28,2.8,0.068,6.0,0.99682,3.24,0.53,10.3,10.0
1271,7.3,0.44,0.2,1.6,0.049,24.0,0.9935,3.38,0.57,11.7,40.0
373,7.4,0.55,0.22,2.2,0.106,12.0,0.9959,3.05,0.63,9.2,60.0
130,8.0,0.745,0.56,2.0,0.118,30.0,0.9968,3.24,0.66,9.4,104.0
49,5.6,0.31,0.37,1.4,0.074,12.0,0.9954,3.32,0.58,9.2,84.0
41,8.8,0.61,0.3,2.8,0.088,17.0,0.9976,3.26,0.51,9.3,29.0
1518,7.4,0.47,0.46,2.2,0.114,7.0,0.99647,3.32,0.63,10.5,13.0
375,11.5,0.54,0.71,4.4,0.124,6.0,0.9984,3.01,0.83,11.8,9.0
460,9.2,0.43,0.52,2.3,0.083,14.0,0.9976,3.35,0.61,11.3,9.0
323,10.3,0.59,0.42,2.8,0.09,35.0,0.999,3.28,0.7,9.5,38.0
748,7.2,0.5,0.18,2.1,0.071,12.0,0.99761,3.52,0.72,9.6,19.0
1083,8.7,0.42,0.45,2.4,0.072,32.0,0.99617,3.33,0.77,12.0,27.0
554,15.5,0.645,0.49,4.2,0.095,10.0,1.00315,2.92,0.74,11.1,13.0
512,10.7,0.4,0.48,2.1,0.125,15.0,0.998,3.03,0.81,9.7,34.0
143,6.3,0.39,0.08,1.7,0.066,3.0,0.9954,3.34,0.58,9.4,17.0
1484,6.8,0.91,0.06,2.0,0.06,4.0,0.99592,3.53,0.64,10.9,7.0
530,9.1,0.22,0.24,2.1,0.078,1.0,0.999,3.41,0.87,10.3,27.0
257,6.6,0.695,0.0,2.1,0.075,12.0,0.9968,3.49,0.67,9.2,44.0
633,10.1,0.935,0.22,3.4,0.105,11.0,1.001,3.43,0.64,11.3,75.0
784,7.1,0.59,0.01,2.5,0.077,20.0,0.99746,3.55,0.59,9.8,65.0
1459,7.9,0.2,0.35,1.7,0.054,7.0,0.99458,3.32,0.8,11.9,8.0
1339,7.5,0.51,0.02,1.7,0.084,13.0,0.99538,3.36,0.54,10.5,18.0
185,8.9,0.31,0.57,2.0,0.111,26.0,0.9971,3.26,0.53,9.7,59.0
523,9.3,0.4,0.49,2.5,0.085,38.0,0.9978,3.22,0.55,9.4,104.0
434,10.4,0.41,0.55,3.2,0.076,22.0,0.9996,3.15,0.89,9.9,32.0
202,6.8,0.5,0.11,1.5,0.075,16.0,0.99545,3.36,0.79,9.5,33.0
769,7.9,0.72,0.01,1.9,0.076,7.0,0.99668,3.39,0.54,9.6,25.0
1105,6.3,0.57,0.28,2.1,0.048,13.0,0.99374,3.41,0.6,12.8,36.0
1176,6.5,0.88,0.03,5.6,0.079,23.0,0.99572,3.58,0.5,11.2,24.0
646,7.3,0.67,0.05,3.6,0.107,6.0,0.9972,3.4,0.63,10.1,14.0
354,6.1,0.21,0.4,1.4,0.066,40.5,0.9912,3.25,0.59,11.9,124.5
68,9.3,0.32,0.57,2.0,0.074,27.0,0.9969,3.28,0.79,10.7,38.0
1142,6.9,0.45,0.11,2.4,0.043,6.0,0.99354,3.3,0.65,11.4,6.0
1309,7.0,0.62,0.1,1.4,0.071,27.0,0.996,3.28,0.61,9.2,36.0
247,8.2,0.6,0.17,2.3,0.072,11.0,0.9963,3.2,0.45,9.3,62.0
302,8.3,0.705,0.12,2.6,0.092,12.0,0.9994,3.51,0.72,10.0,16.0
1054,8.2,0.64,0.27,2.0,0.095,5.0,0.99747,3.13,0.62,9.1,72.0
719,7.1,0.66,0.0,3.9,0.086,17.0,0.9976,3.46,0.54,9.5,28.0
1359,11.6,0.475,0.4,1.4,0.091,6.0,0.99704,3.07,0.65,10.03333333,22.0
878,8.8,0.61,0.19,4.0,0.094,30.0,0.99787,3.22,0.5,10.0,39.0
710,10.6,1.025,0.43,2.8,0.08,21.0,0.9985,3.06,0.57,10.1,63.0
829,5.9,0.61,0.08,2.1,0.071,16.0,0.99376,3.56,0.77,11.1,8.0
708,7.8,0.545,0.12,2.5,0.068,11.0,0.996,3.34,0.61,11.6,24.0
782,9.0,0.82,0.05,2.4,0.081,26.0,0.99814,3.36,0.53,10.0,70.0
576,9.9,0.5,0.24,2.3,0.103,6.0,0.9978,3.34,0.52,10.0,8.0
1295,6.6,0.63,0.0,4.3,0.093,51.0,0.99558,3.2,0.45,9.5,26.5
1552,6.3,0.68,0.01,3.7,0.103,32.0,0.99586,3.51,0.66,11.3,22.0
299,6.9,0.67,0.06,2.1,0.08,8.0,0.99845,3.68,0.71,9.6,25.0
1269,5.5,0.49,0.03,1.8,0.044,28.0,0.9908,3.5,0.82,14.0,59.0
560,12.7,0.6,0.49,2.8,0.075,5.0,0.9994,3.14,0.57,11.4,14.0
1003,6.8,0.36,0.32,1.8,0.067,4.0,0.9928,3.36,0.55,12.8,4.0
665,9.4,0.59,0.14,2.0,0.084,25.0,0.9981,3.14,0.56,9.7,23.0
86,8.6,0.49,0.28,1.9,0.11,20.0,0.9972,2.93,1.95,9.9,116.0
768,7.1,0.59,0.02,2.3,0.082,24.0,0.99744,3.55,0.53,9.7,70.0
629,7.6,0.685,0.23,2.3,0.111,20.0,0.9964,3.21,0.61,9.3,64.0
1175,6.5,0.61,0.0,2.2,0.095,48.0,0.99541,3.61,0.7,11.5,11.0
689,8.1,0.38,0.48,1.8,0.157,5.0,0.9976,3.3,1.05,9.4,12.0
297,7.1,0.63,0.06,2.0,0.083,8.0,0.99855,3.67,0.73,9.6,21.0
495,10.7,0.35,0.53,2.6,0.07,5.0,0.9972,3.15,0.65,11.0,11.0
104,7.2,0.49,0.24,2.2,0.07,5.0,0.996,3.33,0.48,9.4,31.0
995,7.7,0.6,0.06,2.0,0.079,19.0,0.99697,3.39,0.62,10.1,22.0
871,6.9,0.56,0.03,1.5,0.086,36.0,0.99522,3.53,0.57,10.6,10.0
1373,7.7,0.75,0.27,3.8,0.11,34.0,0.99664,3.24,0.45,9.3,55.0
1201,7.9,0.34,0.36,1.9,0.065,5.0,0.99419,3.27,0.54,11.2,5.0
1577,6.2,0.7,0.15,5.1,0.076,13.0,0.99622,3.54,0.6,11.9,14.0
1537,5.4,0.58,0.08,1.9,0.059,20.0,0.99484,3.5,0.64,10.2,11.0
1586,7.5,0.31,0.41,2.4,0.065,34.0,0.99492,3.34,0.85,11.4,26.0
614,9.2,0.755,0.18,2.2,0.148,10.0,0.9969,2.87,1.36,10.2,93.0
166,6.8,0.64,0.1,2.1,0.085,18.0,0.9956,3.34,0.52,10.2,83.0
222,6.8,0.61,0.04,1.5,0.057,5.0,0.99525,3.42,0.6,9.5,5.0
594,7.9,0.72,0.17,2.6,0.096,20.0,0.9978,3.4,0.53,9.5,18.0
1049,9.3,0.5,0.36,1.8,0.084,6.0,0.99704,3.27,0.77,10.8,11.0
88,9.3,0.39,0.44,2.1,0.107,34.0,0.9978,3.14,1.22,9.5,91.0
1350,9.0,0.6,0.29,2.0,0.069,32.0,0.99654,3.34,0.57,10.0,41.0
1504,7.5,0.38,0.57,2.3,0.106,5.0,0.99605,3.36,0.55,11.4,7.0
126,8.2,1.33,0.0,1.7,0.081,3.0,0.9964,3.53,0.49,10.9,9.0
1453,7.6,0.49,0.33,1.9,0.074,27.0,0.99706,3.41,0.58,9.0,58.0
347,13.8,0.49,0.67,3.0,0.093,6.0,0.9986,3.02,0.93,12.0,9.0
1134,8.5,0.28,0.35,1.7,0.061,6.0,0.99524,3.3,0.74,11.8,9.0
51,6.6,0.52,0.04,2.2,0.069,8.0,0.9956,3.4,0.63,9.4,7.0
862,7.5,0.42,0.32,2.7,0.067,7.0,0.99628,3.24,0.44,10.4,18.0
1449,7.2,0.38,0.31,2.0,0.056,15.0,0.99472,3.23,0.76,11.3,14.0
1460,6.4,0.42,0.09,2.3,0.054,34.0,0.99724,3.41,0.68,10.4,30.0
1154,6.6,0.58,0.0,2.2,0.1,50.0,0.99544,3.59,0.68,11.4,13.0
1495,7.0,0.43,0.02,1.9,0.08,15.0,0.99492,3.35,0.81,10.6,13.0
316,9.6,0.56,0.23,3.4,0.102,37.0,0.9996,3.3,0.65,10.1,55.0
1033,7.5,0.57,0.08,2.6,0.089,14.0,0.99592,3.3,0.59,10.4,13.0
1107,9.1,0.3,0.41,2.0,0.068,10.0,0.99523,3.27,0.85,11.7,14.0
311,7.9,0.53,0.24,2.0,0.072,15.0,0.996,3.27,0.54,9.4,90.0
48,6.4,0.4,0.23,1.6,0.066,5.0,0.9958,3.34,0.56,9.2,7.0
1423,6.4,0.53,0.09,3.9,0.123,14.0,0.9968,3.5,0.67,11.0,17.0
263,7.9,0.37,0.23,1.8,0.077,23.0,0.9963,3.28,0.67,9.3,26.0
1045,6.9,0.44,0.0,1.4,0.07,32.0,0.99438,3.32,0.58,11.4,6.0
112,8.4,0.6,0.1,2.2,0.085,14.0,0.9964,3.15,0.66,9.8,97.0
74,9.7,0.32,0.54,2.5,0.094,28.0,0.9984,3.28,0.82,9.6,55.0
1072,7.2,0.35,0.26,1.8,0.083,33.0,0.9968,3.4,0.58,9.5,42.0
3,11.2,0.28,0.56,1.9,0.075,17.0,0.998,3.16,0.58,9.8,43.0
734,7.7,0.56,0.2,2.0,0.075,9.0,0.9987,3.48,0.62,9.3,30.0
1252,7.1,0.72,0.0,1.8,0.123,6.0,0.99627,3.45,0.58,9.8,8.0
547,10.6,0.31,0.49,2.5,0.067,6.0,0.9987,3.26,0.86,10.7,15.0
1317,9.9,0.44,0.46,2.2,0.091,10.0,0.99638,3.18,0.69,11.9,31.0
1417,7.3,0.34,0.33,2.5,0.064,21.0,0.9952,3.35,0.77,12.1,16.0
489,9.3,0.39,0.4,2.6,0.073,10.0,0.9984,3.34,0.75,10.2,16.0
879,7.2,0.6,0.04,2.5,0.076,18.0,0.99745,3.53,0.55,9.5,70.0
774,7.9,0.4,0.3,1.8,0.157,2.0,0.99727,3.31,0.91,9.5,43.0
622,10.0,0.58,0.22,1.9,0.08,9.0,0.9974,3.13,0.55,9.5,23.0
314,7.4,0.36,0.29,2.6,0.087,26.0,0.99645,3.39,0.68,11.0,46.0
1166,9.9,0.54,0.26,2.0,0.111,7.0,0.99709,2.94,0.98,10.2,53.0
1469,7.3,0.98,0.05,2.1,0.061,20.0,0.99705,3.31,0.55,9.7,29.0
1527,7.1,0.53,0.07,1.7,0.071,15.0,0.9951,3.29,0.66,10.8,9.0
52,6.6,0.5,0.04,2.1,0.068,6.0,0.9955,3.39,0.64,9.4,8.0
1414,10.0,0.32,0.59,2.2,0.077,3.0,0.9994,3.2,0.78,9.6,12.0
1197,7.7,0.57,0.21,1.5,0.069,4.0,0.99458,3.16,0.54,9.8,5.0
120,7.3,1.07,0.09,1.7,0.178,10.0,0.9962,3.3,0.57,9.0,79.0
1251,7.5,0.58,0.14,2.2,0.077,27.0,0.9963,3.28,0.59,9.8,33.0
17,8.1,0.56,0.28,1.7,0.368,16.0,0.9968,3.11,1.28,9.3,40.0
943,9.8,0.5,0.34,2.3,0.094,10.0,0.99864,3.24,0.6,9.7,35.0
1016,8.9,0.38,0.4,2.2,0.068,12.0,0.99486,3.27,0.75,12.6,16.0
473,9.9,0.35,0.55,2.1,0.062,5.0,0.9971,3.26,0.79,10.6,9.0
662,7.2,0.57,0.06,1.6,0.076,9.0,0.9972,3.36,0.7,9.6,18.0
1198,7.7,0.26,0.26,2.0,0.052,19.0,0.9951,3.15,0.79,10.9,58.0
326,11.6,0.53,0.66,3.65,0.121,6.0,0.9978,3.05,0.74,11.5,8.0
162,7.8,0.53,0.04,1.7,0.076,17.0,0.9964,3.33,0.56,10.0,14.0
1186,6.6,0.8,0.03,7.8,0.079,6.0,0.9963,3.52,0.5,12.2,6.0
600,8.2,0.915,0.27,2.1,0.088,7.0,0.9962,3.26,0.47,10.0,16.0
1396,8.7,0.675,0.1,1.6,0.09,4.0,0.99745,3.31,0.65,9.55,7.0
991,7.1,0.34,0.28,2.0,0.082,31.0,0.99694,3.45,0.48,9.4,37.0
60,8.8,0.4,0.4,2.2,0.079,19.0,0.998,3.44,0.64,9.2,33.0
1382,8.0,0.6,0.22,2.1,0.08,25.0,0.99613,3.3,0.49,9.9,80.0
528,8.2,0.42,0.49,2.6,0.084,32.0,0.9988,3.34,0.75,8.7,23.0
405,8.7,0.31,0.46,1.4,0.059,11.0,0.9966,3.36,0.76,10.1,14.0
1283,8.7,0.63,0.28,2.7,0.096,17.0,0.99734,3.26,0.63,10.2,52.0
679,10.8,0.26,0.45,3.3,0.06,20.0,0.9972,3.13,0.54,9.6,29.0
1027,6.4,0.795,0.0,2.2,0.065,28.0,0.99378,3.49,0.52,11.6,24.0
422,7.7,0.96,0.2,2.0,0.047,15.0,0.9955,3.36,0.44,10.9,45.0
586,11.1,0.31,0.49,2.7,0.094,16.0,0.9986,3.12,1.02,10.6,31.0
620,8.3,0.54,0.24,3.4,0.076,16.0,0.9976,3.27,0.61,9.4,96.0
802,5.1,0.585,0.0,1.7,0.044,14.0,0.99264,3.56,0.94,12.9,72.0
1173,7.6,0.36,0.31,1.7,0.079,26.0,0.99716,3.46,0.62,9.5,39.0
0,7.4,0.7,0.0,1.9,0.076,11.0,0.9978,3.51,0.56,9.4,23.0
659,7.1,0.84,0.02,4.4,0.096,5.0,0.997,3.41,0.57,11.0,8.0
1287,8.0,0.6,0.08,2.6,0.056,3.0,0.99286,3.22,0.37,13.0,4.0
20,8.9,0.22,0.48,1.8,0.077,29.0,0.9968,3.39,0.53,9.4,31.0
122,7.3,0.695,0.0,2.5,0.075,3.0,0.998,3.49,0.52,9.2,10.0
192,6.8,0.63,0.12,3.8,0.099,16.0,0.9969,3.28,0.61,9.5,110.0
1152,8.3,0.6,0.25,2.2,0.118,9.0,0.99616,3.15,0.53,9.8,29.0
1428,7.8,0.64,0.0,1.9,0.072,27.0,0.9962,3.31,0.63,11.0,28.0
1345,8.2,0.44,0.24,2.3,0.063,10.0,0.99613,3.25,0.53,10.2,18.0
611,13.2,0.38,0.55,2.7,0.081,5.0,1.0006,2.98,0.54,9.4,11.0
988,7.7,0.39,0.12,1.7,0.097,19.0,0.99596,3.16,0.49,9.4,8.0
596,12.4,0.4,0.51,2.0,0.059,6.0,0.9994,3.04,0.6,9.3,18.0
1162,8.5,0.32,0.42,2.3,0.075,12.0,0.99434,3.14,0.71,11.8,7.0
740,8.3,0.76,0.29,4.2,0.075,12.0,0.9965,3.45,0.68,11.5,4.0
481,9.4,0.3,0.56,2.8,0.08,6.0,0.9964,3.15,0.92,11.7,11.0
986,9.8,0.34,0.39,1.4,0.066,3.0,0.9947,3.19,0.55,11.4,4.0
312,9.0,0.46,0.31,2.8,0.093,19.0,0.99815,3.32,0.63,9.5,79.0
1422,7.0,0.54,0.0,2.1,0.079,39.0,0.9956,3.39,0.84,11.4,16.0
1204,7.2,0.36,0.46,2.1,0.074,24.0,0.99534,3.4,0.85,11.0,20.0
579,10.6,0.31,0.49,2.2,0.063,18.0,0.9976,3.14,0.51,9.8,22.0
186,7.4,0.39,0.48,2.0,0.082,14.0,0.9972,3.34,0.55,9.2,53.0
721,8.9,0.48,0.24,2.85,0.094,35.0,0.9982,3.1,0.53,9.2,71.0
1138,7.5,0.41,0.15,3.7,0.104,29.0,0.99786,3.14,0.58,9.1,65.0
926,9.4,0.24,0.33,2.3,0.061,52.0,0.99786,3.47,0.9,10.2,21.0
485,10.2,0.67,0.39,1.9,0.054,6.0,0.9976,3.17,0.47,10.0,11.0
1454,11.7,0.45,0.63,2.2,0.073,7.0,0.99974,3.21,0.69,10.9,16.0
772,9.5,0.57,0.27,2.3,0.082,23.0,0.99782,3.27,0.55,9.4,121.0
333,8.4,0.56,0.08,2.1,0.105,16.0,0.9958,3.13,0.52,11.0,28.0
415,8.6,0.725,0.24,6.6,0.117,31.0,1.0014,3.32,1.07,9.3,103.0
1406,8.2,0.24,0.34,5.1,0.062,8.0,0.9974,3.22,0.94,10.9,14.0
1120,7.9,0.54,0.34,2.5,0.076,8.0,0.99235,3.2,0.72,13.1,9.0
6,7.9,0.6,0.06,1.6,0.069,15.0,0.9964,3.3,0.46,9.4,44.0
609,6.3,0.36,0.19,3.2,0.075,15.0,0.9956,3.56,0.52,12.7,24.0
1407,6.0,0.51,0.0,2.1,0.064,40.0,0.995,3.54,0.93,10.7,14.0
903,6.8,0.59,0.06,6.0,0.06,11.0,0.9962,3.41,0.59,10.8,7.0
169,7.5,0.705,0.24,1.8,0.36,15.0,0.9964,3.0,1.59,9.5,48.0
648,8.7,0.48,0.3,2.8,0.066,10.0,0.9964,3.33,0.67,11.2,18.0
901,7.4,0.635,0.1,2.4,0.08,16.0,0.99736,3.58,0.69,10.8,17.0
496,7.8,0.52,0.25,1.9,0.081,14.0,0.9984,3.43,0.65,9.0,24.0
278,10.3,0.32,0.45,6.4,0.073,5.0,0.9976,3.23,0.82,12.6,8.0
1364,7.2,0.605,0.02,1.9,0.096,10.0,0.995,3.46,0.53,11.8,21.0
179,8.8,0.61,0.14,2.4,0.067,10.0,0.9969,3.19,0.59,9.5,32.0
1184,6.7,0.64,0.23,2.1,0.08,11.0,0.99538,3.36,0.7,10.9,108.0
1274,7.8,0.58,0.13,2.1,0.102,17.0,0.9944,3.24,0.53,11.2,19.0
932,7.6,0.4,0.29,1.9,0.078,29.0,0.9971,3.45,0.59,9.5,37.0
1163,9.0,0.785,0.24,1.7,0.078,10.0,0.99692,3.29,0.67,10.0,11.0
1227,9.0,0.58,0.25,2.0,0.104,8.0,0.99769,3.27,0.72,9.6,13.0
258,7.7,0.41,0.76,1.8,0.611,8.0,0.9968,3.06,1.26,9.4,37.0
718,8.4,0.56,0.04,2.0,0.082,10.0,0.9976,3.22,0.44,9.6,12.0
449,11.9,0.39,0.69,2.8,0.095,17.0,0.9994,3.1,0.61,10.8,18.0
1132,7.4,0.36,0.34,1.8,0.075,18.0,0.9933,3.38,0.88,13.6,20.0
208,7.8,0.44,0.28,2.7,0.1,18.0,0.9966,3.22,0.67,9.4,77.0
371,7.9,0.24,0.4,1.6,0.056,11.0,0.9967,3.32,0.87,8.7,14.0
841,6.6,0.66,0.0,3.0,0.115,21.0,0.99629,3.45,0.63,10.3,10.0
1009,9.6,0.5,0.36,2.8,0.116,26.0,0.99722,3.18,0.68,10.9,29.0
505,10.2,0.49,0.63,2.9,0.072,10.0,0.9968,3.16,0.78,12.5,16.0
77,6.8,0.785,0.0,2.4,0.104,14.0,0.9966,3.52,0.55,10.7,16.0
456,8.9,0.59,0.39,2.3,0.095,5.0,0.9986,3.37,0.58,10.3,17.0
1243,8.3,0.56,0.22,2.4,0.082,10.0,0.9983,3.37,0.62,9.5,76.0
240,8.9,0.635,0.37,1.7,0.263,5.0,0.9971,3.0,1.09,9.3,57.0
1211,6.6,0.44,0.15,2.1,0.076,22.0,0.9957,3.32,0.62,9.3,31.0
569,6.2,0.36,0.24,2.2,0.095,19.0,0.9946,3.57,0.57,11.7,23.0
1508,7.1,0.27,0.6,2.1,0.074,17.0,0.99814,3.38,0.72,10.6,8.0
1556,6.6,0.88,0.04,2.2,0.066,12.0,0.99636,3.53,0.56,9.9,8.0
174,7.3,0.38,0.21,2.0,0.08,7.0,0.9961,3.33,0.47,9.5,28.0
1268,6.9,0.41,0.31,2.0,0.079,21.0,0.99668,3.47,0.55,9.5,30.0
409,12.5,0.46,0.49,4.5,0.07,26.0,0.9981,3.05,0.57,9.6,23.0
1034,8.9,0.745,0.18,2.5,0.077,15.0,0.99739,3.2,0.47,9.7,33.0
1144,7.3,0.32,0.23,2.3,0.066,35.0,0.99588,3.43,0.62,10.1,35.0
260,7.9,0.33,0.23,1.7,0.077,18.0,0.99625,3.29,0.65,9.3,27.0
380,8.3,0.26,0.42,2.0,0.08,11.0,0.9974,3.21,0.8,9.4,16.0
475,9.6,0.68,0.24,2.2,0.087,5.0,0.9988,3.14,0.6,10.2,23.0
1085,6.8,0.48,0.08,1.8,0.074,40.0,0.99529,3.12,0.49,9.6,24.0
557,15.6,0.645,0.49,4.2,0.095,10.0,1.00315,2.92,0.74,11.1,13.0
210,9.7,0.53,0.6,2.0,0.039,5.0,0.99585,3.3,0.86,12.4,14.0
663,10.1,0.28,0.46,1.8,0.05,5.0,0.9974,3.04,0.79,10.2,8.0
670,6.9,0.4,0.24,2.5,0.083,30.0,0.9959,3.26,0.58,10.0,15.0
1071,7.5,0.77,0.2,8.1,0.098,30.0,0.99892,3.2,0.58,9.2,62.0
1229,7.6,0.43,0.29,2.1,0.075,19.0,0.99718,3.4,0.64,9.5,47.0
408,10.4,0.34,0.58,3.7,0.174,6.0,0.997,3.19,0.7,11.3,10.0
1335,6.6,0.58,0.02,2.4,0.069,19.0,0.99387,3.38,0.66,12.6,21.0
777,6.9,0.635,0.17,2.4,0.241,6.0,0.9961,3.4,0.59,10.3,12.0
920,9.6,0.41,0.37,2.3,0.091,10.0,0.99786,3.24,0.56,10.5,13.0
935,8.8,0.3,0.38,2.3,0.06,19.0,0.99543,3.39,0.72,11.8,53.0
746,8.2,0.34,0.38,2.5,0.08,12.0,0.9978,3.3,0.47,9.0,45.0
1546,7.0,0.57,0.02,2.0,0.072,17.0,0.99575,3.36,0.61,10.2,9.0
1467,6.7,1.04,0.08,2.3,0.067,19.0,0.99648,3.52,0.57,11.0,13.0
1172,9.7,0.42,0.46,2.1,0.074,5.0,0.99649,3.27,0.74,12.3,11.0
1160,10.6,0.36,0.57,2.3,0.087,6.0,0.99676,3.14,0.72,11.1,14.0
797,9.3,0.37,0.44,1.6,0.038,21.0,0.99526,3.24,0.81,10.8,21.0
1127,6.3,0.76,0.0,2.9,0.072,26.0,0.99379,3.51,0.6,11.5,26.0
1543,11.1,0.44,0.42,2.2,0.064,14.0,0.99758,3.25,0.57,10.4,5.0
1485,7.0,0.655,0.16,2.1,0.074,8.0,0.99606,3.37,0.55,9.7,17.0
506,10.4,0.24,0.46,1.8,0.075,6.0,0.9976,3.25,1.02,10.8,15.0
1040,7.4,0.965,0.0,2.2,0.088,16.0,0.99756,3.58,0.67,10.2,16.0
487,10.2,0.645,0.36,1.8,0.053,5.0,0.9982,3.17,0.42,10.0,9.0
1474,9.9,0.5,0.5,13.8,0.205,48.0,1.00242,3.16,0.75,8.8,34.0
1529,7.1,0.69,0.08,2.1,0.063,42.0,0.99608,3.42,0.6,10.2,10.0
1427,7.6,0.41,0.33,2.5,0.078,6.0,0.9957,3.3,0.58,11.2,17.0
1254,7.8,0.7,0.06,1.9,0.079,20.0,0.99628,3.4,0.69,10.9,15.0
1392,7.1,0.62,0.06,1.3,0.07,5.0,0.9942,3.17,0.48,9.8,7.0
340,12.2,0.34,0.5,2.4,0.066,10.0,1.0,3.12,1.18,9.2,11.0
1270,5.0,0.38,0.01,1.6,0.048,26.0,0.99084,3.7,0.75,14.0,34.0
195,7.8,0.59,0.33,2.0,0.074,24.0,0.9968,3.25,0.54,9.4,96.0
832,10.4,0.44,0.42,1.5,0.145,34.0,0.99832,3.38,0.86,9.9,14.0
794,10.1,0.27,0.54,2.3,0.065,7.0,0.99531,3.17,0.53,12.5,19.0
666,8.3,0.49,0.36,1.8,0.222,6.0,0.998,3.18,0.6,9.5,10.0
264,12.5,0.56,0.49,2.4,0.064,5.0,0.9999,3.08,0.87,10.9,22.0
1167,8.2,0.33,0.39,2.5,0.074,29.0,0.99528,3.32,0.88,12.4,19.0
806,8.4,0.25,0.39,2.0,0.041,4.0,0.99386,3.27,0.71,12.5,6.0
504,10.5,0.24,0.42,1.8,0.077,6.0,0.9976,3.21,1.05,10.8,16.0
369,9.4,0.27,0.53,2.4,0.074,6.0,0.9962,3.2,1.13,12.0,12.0
361,8.6,0.45,0.31,2.6,0.086,21.0,0.9982,3.37,0.91,9.9,29.0
33,6.9,0.605,0.12,10.7,0.073,40.0,0.9993,3.45,0.52,9.4,43.0
1113,8.9,0.24,0.39,1.6,0.074,3.0,0.99698,3.12,0.59,9.5,7.0
1231,7.8,0.815,0.01,2.6,0.074,48.0,0.99621,3.38,0.62,10.8,42.0
1098,8.0,0.31,0.45,2.1,0.216,5.0,0.99358,3.15,0.81,12.5,11.0
177,7.5,0.52,0.42,2.3,0.087,8.0,0.9972,3.58,0.61,10.5,30.0
1501,7.8,0.82,0.29,4.3,0.083,21.0,0.99642,3.16,0.53,9.4,43.0
1129,10.5,0.43,0.35,3.3,0.092,24.0,0.99798,3.21,0.69,10.5,46.0
468,11.4,0.36,0.69,2.1,0.09,6.0,1.0,3.17,0.62,9.2,15.0
711,8.9,0.565,0.34,3.0,0.093,16.0,0.9998,3.38,0.61,9.5,96.0
712,8.7,0.69,0.0,3.2,0.084,13.0,0.9992,3.36,0.45,9.4,20.0
1223,10.5,0.36,0.47,2.2,0.074,9.0,0.99638,3.23,0.76,12.0,14.0
1008,8.9,0.35,0.4,3.6,0.11,12.0,0.99549,3.23,0.7,12.0,12.0
1102,6.1,0.48,0.09,1.7,0.078,18.0,0.99402,3.45,0.54,11.2,12.0
549,9.0,0.53,0.49,1.9,0.171,6.0,0.9975,3.27,0.61,9.4,19.0
12,5.6,0.615,0.0,1.6,0.089,16.0,0.9943,3.58,0.52,9.9,43.0
99,8.1,0.545,0.18,1.9,0.08,13.0,0.9972,3.3,0.59,9.0,22.0
604,8.3,0.58,0.13,2.9,0.096,14.0,0.9984,3.17,0.62,9.1,49.0
816,9.8,0.51,0.19,3.2,0.081,8.0,0.9984,3.23,0.58,10.5,22.0
1156,8.5,0.18,0.51,1.75,0.071,45.0,0.99524,3.33,0.76,11.8,43.0
1196,7.9,0.58,0.23,2.3,0.076,23.0,0.99686,3.21,0.58,9.5,71.0
267,7.9,0.35,0.46,3.6,0.078,15.0,0.9973,3.35,0.86,12.8,22.0
1426,7.7,0.23,0.37,1.8,0.046,23.0,0.9971,3.41,0.71,12.1,37.0
907,6.1,0.56,0.0,2.2,0.079,6.0,0.9948,3.59,0.54,11.5,3.0
75,8.8,0.41,0.64,2.2,0.093,9.0,0.9986,3.54,0.66,10.5,33.0
1384,7.1,0.755,0.15,1.8,0.107,20.0,0.99593,3.19,0.5,9.5,64.0
1011,8.9,0.32,0.31,2.0,0.088,12.0,0.9957,3.17,0.55,10.4,7.0
1441,7.4,0.785,0.19,5.2,0.094,19.0,0.99713,3.16,0.52,9.566666667,79.0
476,9.3,0.27,0.41,2.0,0.091,6.0,0.998,3.28,0.7,9.7,10.0
1077,8.6,0.37,0.65,6.4,0.08,3.0,0.99817,3.27,0.58,11.0,5.0
231,8.0,0.38,0.06,1.8,0.078,12.0,0.99625,3.37,0.52,9.9,37.0
279,8.9,0.4,0.32,5.6,0.087,10.0,0.9991,3.38,0.77,10.5,37.0
939,6.2,0.46,0.17,1.6,0.073,7.0,0.99425,3.61,0.54,11.4,4.0
1394,6.4,0.57,0.14,3.9,0.07,27.0,0.99669,3.32,0.48,9.2,46.0
582,11.7,0.49,0.49,2.2,0.083,5.0,1.0,3.19,0.43,9.2,10.0
54,7.6,0.51,0.15,2.8,0.11,33.0,0.9955,3.17,0.63,10.2,40.0
808,7.4,0.53,0.12,1.9,0.165,4.0,0.99702,3.26,0.86,9.2,8.0
1048,9.3,0.49,0.36,1.7,0.081,3.0,0.99702,3.27,0.78,10.9,11.0
445,9.5,0.735,0.1,2.1,0.079,6.0,0.9986,3.23,0.56,10.1,25.0
372,9.1,0.28,0.48,1.8,0.067,26.0,0.9967,3.32,1.04,10.6,20.0
1534,6.6,0.56,0.14,2.4,0.064,13.0,0.99397,3.42,0.62,11.7,16.0
1023,8.2,0.32,0.42,2.3,0.098,3.0,0.99506,3.27,0.55,12.3,6.0
386,7.8,0.54,0.26,2.0,0.088,23.0,0.9981,3.41,0.74,9.2,25.0
1462,6.8,0.64,0.03,2.3,0.075,14.0,0.99545,3.36,0.58,10.4,17.0
733,7.0,0.45,0.34,2.7,0.082,16.0,0.998,3.55,0.6,9.5,56.0
1344,11.5,0.42,0.48,2.6,0.077,8.0,0.99852,3.09,0.53,11.0,12.0
19,7.9,0.32,0.51,1.8,0.341,17.0,0.9969,3.04,1.08,9.2,39.0
136,8.3,0.715,0.15,1.8,0.089,10.0,0.9968,3.23,0.77,9.5,42.0
551,9.4,0.43,0.24,2.8,0.092,14.0,0.998,3.19,0.73,10.0,31.0
1381,6.8,0.83,0.09,1.8,0.074,4.0,0.99534,3.38,0.45,9.6,21.0
9,7.5,0.5,0.36,6.1,0.071,17.0,0.9978,3.35,0.8,10.5,85.0
1169,7.6,0.5,0.29,2.3,0.086,5.0,0.99502,3.32,0.62,11.5,9.0
470,13.0,0.32,0.65,2.6,0.093,15.0,0.9996,3.05,0.61,10.6,32.0
175,6.9,0.5,0.04,1.5,0.085,19.0,0.9958,3.35,0.78,9.5,30.0
588,5.0,0.42,0.24,2.0,0.06,19.0,0.9917,3.72,0.74,14.0,31.0
1498,6.6,0.895,0.04,2.3,0.068,7.0,0.99582,3.53,0.58,10.8,6.0
1413,9.9,0.57,0.25,2.0,0.104,12.0,0.9963,3.04,0.9,10.1,77.0
184,6.7,0.62,0.21,1.9,0.079,8.0,0.997,3.52,0.58,9.3,54.0
706,7.0,0.78,0.08,2.0,0.093,10.0,0.9956,3.4,0.47,10.0,9.0
615,9.6,0.6,0.5,2.3,0.079,28.0,0.9997,3.5,0.57,9.7,43.0
1153,9.6,0.42,0.35,2.1,0.083,17.0,0.99622,3.23,0.66,11.1,21.0
463,8.1,0.66,0.7,2.2,0.098,25.0,0.9972,3.08,0.53,9.0,104.0
818,7.1,0.715,0.0,2.35,0.071,21.0,0.99632,3.29,0.45,9.4,26.0
196,7.3,0.58,0.3,2.4,0.074,15.0,0.9968,3.46,0.59,10.2,40.0
1541,7.4,0.25,0.29,2.2,0.054,19.0,0.99666,3.4,0.76,10.9,30.0
542,9.3,0.715,0.24,2.1,0.07,5.0,0.9966,3.12,0.59,9.9,15.0
1593,6.8,0.62,0.08,1.9,0.068,28.0,0.99651,3.42,0.82,9.5,10.0
1562,7.2,0.695,0.13,2.0,0.076,12.0,0.99546,3.29,0.54,10.1,8.0
1530,6.6,0.44,0.09,2.2,0.063,9.0,0.99444,3.42,0.69,11.3,9.0
243,15.0,0.21,0.44,2.2,0.075,10.0,1.00005,3.07,0.84,9.2,14.0
1051,8.5,0.46,0.59,1.4,0.414,16.0,0.99702,3.03,1.34,9.2,29.0
890,7.2,0.34,0.24,2.0,0.071,30.0,0.99576,3.44,0.58,10.1,22.0
839,6.0,0.5,0.04,2.2,0.092,13.0,0.99647,3.46,0.47,10.0,13.0
428,9.1,0.52,0.33,1.3,0.07,9.0,0.9978,3.24,0.6,9.3,21.0
364,12.8,0.615,0.66,5.8,0.083,7.0,1.0022,3.07,0.73,10.0,35.0
1224,12.6,0.39,0.49,2.5,0.08,8.0,0.9992,3.07,0.82,10.3,12.0
869,7.6,0.63,0.03,2.0,0.08,27.0,0.99578,3.44,0.64,10.9,16.0
1438,7.0,0.59,0.0,1.7,0.052,3.0,0.996,3.41,0.47,10.3,5.0
1587,5.8,0.61,0.11,1.8,0.066,18.0,0.99483,3.55,0.66,10.9,10.0
1007,9.1,0.3,0.34,2.0,0.064,12.0,0.99516,3.26,0.84,11.7,13.0
779,7.1,0.52,0.03,2.6,0.076,21.0,0.99745,3.5,0.6,9.8,71.0
1277,7.0,0.69,0.0,1.9,0.114,3.0,0.99636,3.35,0.6,9.7,7.0
1523,6.8,0.48,0.25,2.0,0.076,29.0,0.9953,3.34,0.6,10.4,32.0
1477,5.3,0.47,0.11,2.2,0.048,16.0,0.99182,3.54,0.88,13.6,73.0
178,7.0,0.805,0.0,2.5,0.068,7.0,0.9969,3.48,0.56,9.6,13.0
857,8.2,0.26,0.34,2.5,0.073,16.0,0.99594,3.4,0.78,11.3,31.0
682,8.5,0.46,0.31,2.25,0.078,32.0,0.998,3.33,0.54,9.8,26.0
754,7.8,0.48,0.68,1.7,0.415,14.0,0.99656,3.09,1.06,9.1,18.0
1141,8.2,0.38,0.32,2.5,0.08,24.0,0.99624,3.27,0.85,11.0,47.0
789,8.6,0.63,0.17,2.9,0.099,21.0,0.998,3.09,0.52,9.3,98.0
613,8.2,0.39,0.38,1.5,0.058,10.0,0.9962,3.26,0.74,9.8,19.0
209,11.0,0.3,0.58,2.1,0.054,7.0,0.998,3.31,0.88,10.5,12.0
801,8.6,0.55,0.09,3.3,0.068,8.0,0.99735,3.23,0.44,10.0,9.0
1094,6.6,0.725,0.09,5.5,0.117,9.0,0.99655,3.35,0.49,10.8,8.0
1436,10.0,0.38,0.38,1.6,0.169,27.0,0.99914,3.15,0.65,8.5,63.0
1122,6.3,0.47,0.0,1.4,0.055,27.0,0.9922,3.45,0.48,12.3,6.0
844,9.9,0.25,0.46,1.7,0.062,26.0,0.9959,3.18,0.83,10.6,16.0
1582,6.1,0.715,0.1,2.6,0.053,13.0,0.99362,3.57,0.5,11.9,14.0
1393,8.0,0.52,0.25,2.0,0.078,19.0,0.99612,3.3,0.48,10.2,40.0
1480,5.6,0.62,0.03,1.5,0.08,6.0,0.99498,3.66,0.62,10.1,7.0
215,7.0,0.49,0.49,5.6,0.06,26.0,0.9974,3.34,0.76,10.5,95.0
752,7.6,0.54,0.13,2.5,0.097,24.0,0.99785,3.39,0.61,9.4,42.0
1570,6.4,0.36,0.53,2.2,0.23,19.0,0.9934,3.37,0.93,12.4,16.0
124,7.8,0.5,0.17,1.6,0.082,21.0,0.996,3.39,0.48,9.5,81.0
872,7.3,0.35,0.24,2.0,0.067,28.0,0.99576,3.43,0.54,10.0,20.0
1360,9.2,0.54,0.31,2.3,0.112,11.0,0.99699,3.24,0.56,10.9,27.0
1216,7.9,0.57,0.31,2.0,0.079,10.0,0.99677,3.29,0.69,9.5,69.0
510,12.4,0.42,0.49,4.6,0.073,19.0,0.9978,3.02,0.61,9.5,24.0
35,7.8,0.645,0.0,5.5,0.086,5.0,0.9986,3.4,0.55,9.6,13.0
389,9.6,0.38,0.31,2.5,0.096,16.0,0.9982,3.19,0.7,10.0,33.0
650,10.7,0.43,0.39,2.2,0.106,8.0,0.9986,2.89,0.5,9.6,24.0
1285,11.3,0.37,0.5,1.8,0.09,20.0,0.99734,3.15,0.57,10.5,27.0
2,7.8,0.76,0.04,2.3,0.092,15.0,0.997,3.26,0.65,9.8,39.0
1566,6.7,0.16,0.64,2.1,0.059,24.0,0.99494,3.34,0.71,11.2,28.0
767,7.5,0.6,0.32,2.7,0.103,13.0,0.99938,3.45,0.62,9.5,85.0
1356,6.1,0.34,0.25,1.8,0.084,4.0,0.99464,3.36,0.44,10.1,24.0
390,5.6,0.85,0.05,1.4,0.045,12.0,0.9924,3.56,0.82,12.9,76.0
1411,6.4,0.47,0.4,2.4,0.071,8.0,0.9963,3.56,0.73,10.6,11.0
70,7.7,0.63,0.08,1.9,0.076,15.0,0.9967,3.32,0.54,9.5,12.0
131,5.6,0.5,0.09,2.3,0.049,17.0,0.9937,3.63,0.63,13.0,82.0
85,6.9,0.55,0.15,2.2,0.076,19.0,0.9961,3.41,0.59,10.1,21.0
1347,7.2,0.655,0.03,1.8,0.078,7.0,0.99587,3.34,0.39,9.5,5.0
657,12.0,0.5,0.59,1.4,0.073,23.0,0.998,2.92,0.68,10.5,19.0
307,10.3,0.41,0.42,2.4,0.213,6.0,0.9994,3.19,0.62,9.5,8.0
1375,7.2,0.56,0.26,2.0,0.083,13.0,0.99586,3.26,0.52,9.9,87.0
1135,8.0,0.25,0.43,1.7,0.067,22.0,0.9946,3.38,0.6,11.9,28.0
173,7.4,0.62,0.05,1.9,0.068,24.0,0.9961,3.42,0.57,11.5,18.0
563,7.6,0.29,0.49,2.7,0.092,25.0,0.9971,3.31,0.61,10.1,35.0
889,10.7,0.9,0.34,6.6,0.112,23.0,1.00289,3.22,0.68,9.3,76.0
432,11.9,0.37,0.69,2.3,0.078,12.0,0.9958,3.0,0.65,12.8,12.0
78,6.7,0.75,0.12,2.0,0.086,12.0,0.9958,3.38,0.52,10.1,68.0
1203,9.9,0.74,0.19,5.8,0.111,33.0,0.99878,3.14,0.55,9.4,43.0
693,9.0,0.48,0.32,2.8,0.084,21.0,0.9984,3.32,0.62,9.4,101.0
1517,6.5,0.53,0.06,2.0,0.063,29.0,0.99489,3.38,0.83,10.3,15.0
28,7.1,0.71,0.0,1.9,0.08,14.0,0.9972,3.47,0.55,9.4,21.0
881,7.6,0.715,0.0,2.1,0.068,30.0,0.99533,3.48,0.65,11.4,5.0
1258,6.8,0.64,0.0,2.7,0.123,15.0,0.99538,3.44,0.63,11.3,18.0
966,9.0,0.38,0.41,2.4,0.103,6.0,0.99604,3.13,0.58,11.9,4.0
543,11.2,0.66,0.24,2.5,0.085,16.0,0.9993,3.06,0.72,11.0,37.0
18,7.4,0.59,0.08,4.4,0.086,6.0,0.9974,3.38,0.5,9.0,23.0
58,7.8,0.59,0.18,2.3,0.076,17.0,0.9975,3.43,0.59,10.0,37.0
359,12.6,0.38,0.66,2.6,0.088,10.0,1.001,3.17,0.68,9.8,31.0
874,10.4,0.38,0.46,2.1,0.104,6.0,0.99664,3.12,0.65,11.8,4.0
1424,8.3,0.26,0.37,1.4,0.076,8.0,0.9974,3.26,0.7,9.6,15.0
223,8.6,0.645,0.25,2.0,0.083,8.0,0.99815,3.28,0.6,10.0,20.0
842,10.6,0.5,0.45,2.6,0.119,34.0,0.99708,3.23,0.72,10.9,34.0
792,7.1,0.61,0.02,2.5,0.081,17.0,0.99745,3.48,0.6,9.7,70.0
451,8.4,0.37,0.53,1.8,0.413,9.0,0.9979,3.06,1.06,9.1,17.0
1076,9.9,0.32,0.56,2.0,0.073,3.0,0.99534,3.15,0.73,11.4,5.0
1159,10.2,0.41,0.43,2.2,0.11,11.0,0.99728,3.16,0.67,10.8,26.0
913,9.4,0.395,0.46,4.6,0.094,3.0,0.99639,3.27,0.64,12.2,7.0
1081,7.9,0.3,0.68,8.3,0.05,37.5,0.99316,3.01,0.51,12.3,251.5
446,12.5,0.38,0.6,2.6,0.081,31.0,0.9996,3.1,0.73,10.5,41.0
1418,7.8,0.53,0.01,1.6,0.077,3.0,0.995,3.16,0.46,9.8,16.0
395,12.0,0.37,0.76,4.2,0.066,7.0,1.0004,3.22,0.6,13.0,31.0
221,7.4,0.53,0.26,2.0,0.101,16.0,0.9957,3.15,0.57,9.4,56.0
702,7.0,0.64,0.02,2.1,0.067,9.0,0.997,3.47,0.67,9.4,14.0
1263,8.2,0.78,0.0,2.2,0.089,13.0,0.9978,3.37,0.46,9.6,13.0
573,10.5,0.59,0.49,2.1,0.07,14.0,0.9991,3.3,0.56,9.6,33.0
927,8.4,0.67,0.19,2.2,0.093,11.0,0.99736,3.2,0.59,9.2,64.0
1576,8.0,0.3,0.63,1.6,0.081,16.0,0.99588,3.3,0.78,10.8,13.0
1161,8.8,0.45,0.43,1.4,0.076,12.0,0.99551,3.21,0.75,10.2,9.0
664,12.1,0.4,0.52,2.0,0.092,15.0,1.0,3.03,0.66,10.2,39.0
410,9.0,0.43,0.34,2.5,0.08,26.0,0.9987,3.38,0.62,9.5,60.0
83,7.3,0.67,0.26,1.8,0.401,16.0,0.9969,3.16,1.14,9.4,35.0
291,11.0,0.2,0.48,2.0,0.343,6.0,0.9979,3.3,0.71,10.5,12.0
30,6.7,0.675,0.07,2.4,0.089,17.0,0.9958,3.35,0.54,10.1,65.0
294,13.3,0.34,0.52,3.2,0.094,17.0,1.0014,3.05,0.81,9.5,36.0
232,8.5,0.37,0.2,2.8,0.09,18.0,0.998,3.34,0.7,9.6,40.0
791,8.8,0.64,0.17,2.9,0.084,25.0,0.99818,3.23,0.54,9.6,105.0
1131,5.9,0.19,0.21,1.7,0.045,57.0,0.99341,3.32,0.44,9.5,78.0
363,12.5,0.46,0.63,2.0,0.071,6.0,0.9988,2.99,0.87,10.2,9.0
1398,7.0,0.6,0.12,2.2,0.083,13.0,0.9966,3.52,0.62,10.2,15.0
188,7.9,0.5,0.33,2.0,0.084,15.0,0.9968,3.2,0.55,9.5,128.0
1569,6.2,0.51,0.14,1.9,0.056,15.0,0.99396,3.48,0.57,11.5,19.0
847,7.4,0.68,0.16,1.8,0.078,12.0,0.9977,3.5,0.7,9.9,27.0
1136,10.4,0.52,0.45,2.0,0.08,6.0,0.99774,3.22,0.76,11.4,7.0
1475,5.3,0.47,0.11,2.2,0.048,16.0,0.99182,3.54,0.88,13.56666667,73.0
690,7.4,1.185,0.0,4.25,0.097,5.0,0.9966,3.63,0.54,10.7,9.0
295,10.8,0.5,0.46,2.5,0.073,5.0,1.0001,3.05,0.64,9.5,22.0
1349,6.9,0.57,0.0,2.8,0.081,21.0,0.99518,3.41,0.52,10.8,20.0
216,8.7,0.625,0.16,2.0,0.101,13.0,0.9962,3.14,0.57,11.0,36.0
1488,5.6,0.54,0.04,1.7,0.049,5.0,0.9942,3.72,0.58,11.4,8.0
821,4.9,0.42,0.0,2.1,0.048,16.0,0.99154,3.71,0.74,14.0,26.0
205,12.8,0.3,0.74,2.6,0.095,9.0,0.9994,3.2,0.77,10.8,19.0
118,8.8,0.55,0.04,2.2,0.119,14.0,0.9962,3.21,0.6,10.9,42.0
755,7.8,0.91,0.07,1.9,0.058,22.0,0.99525,3.51,0.43,10.7,25.0
1502,7.3,0.585,0.18,2.4,0.078,15.0,0.99638,3.31,0.54,9.8,45.0
977,8.4,0.59,0.29,2.6,0.109,31.0,0.99801,3.15,0.5,9.1,88.0
1440,7.2,0.37,0.32,2.0,0.062,15.0,0.9947,3.23,0.73,11.3,13.0
353,13.5,0.53,0.79,4.8,0.12,23.0,1.0018,3.18,0.77,13.0,54.0
1151,6.1,0.58,0.23,2.5,0.044,16.0,0.99352,3.46,0.65,12.5,54.0
1082,7.2,0.38,0.3,1.8,0.073,31.0,0.99685,3.42,0.59,9.5,39.0
461,8.3,0.615,0.22,2.6,0.087,6.0,0.9982,3.26,0.61,9.3,13.0
760,9.0,0.58,0.25,2.8,0.075,9.0,0.99779,3.23,0.57,9.7,95.0
266,8.1,0.87,0.0,3.3,0.096,26.0,1.00025,3.6,0.72,9.8,35.0
1022,7.0,0.51,0.09,2.1,0.062,4.0,0.99584,3.35,0.54,10.5,5.0
654,8.6,0.47,0.47,2.4,0.074,7.0,0.9979,3.08,0.46,9.5,22.0
577,8.8,0.44,0.49,2.8,0.083,18.0,0.9982,3.3,0.6,9.5,93.0
341,10.6,0.42,0.48,2.7,0.065,5.0,0.9972,3.21,0.87,11.3,13.0
350,10.7,0.67,0.22,2.7,0.107,17.0,1.0004,3.28,0.98,9.9,17.0
1515,6.9,0.84,0.21,4.1,0.074,16.0,0.99842,3.53,0.72,9.25,49.0
696,7.0,0.65,0.02,2.1,0.066,8.0,0.9972,3.47,0.67,9.5,17.0
1088,11.6,0.41,0.54,1.5,0.095,22.0,0.99735,3.02,0.76,9.9,19.0
416,10.6,0.48,0.64,2.2,0.111,6.0,0.997,3.26,0.66,11.7,14.0
187,7.7,0.705,0.1,2.6,0.084,9.0,0.9976,3.39,0.49,9.7,17.0
1112,7.9,0.33,0.41,1.5,0.056,6.0,0.99396,3.29,0.71,11.0,29.0
1550,7.1,0.68,0.0,2.3,0.087,17.0,0.99783,3.45,0.53,9.5,9.0
1064,8.2,0.74,0.09,2.0,0.067,5.0,0.99418,3.28,0.57,11.8,5.0
1256,7.5,0.59,0.22,1.8,0.082,43.0,0.99499,3.1,0.42,9.2,17.0
1010,8.9,0.28,0.45,1.7,0.067,7.0,0.99354,3.25,0.55,12.3,5.0
26,7.6,0.41,0.24,1.8,0.08,4.0,0.9962,3.28,0.59,9.5,7.0
414,8.8,0.52,0.34,2.7,0.087,24.0,0.9982,3.26,0.61,9.5,98.0
147,7.6,0.49,0.26,1.6,0.236,10.0,0.9968,3.11,0.8,9.3,78.0
559,13.0,0.47,0.49,4.3,0.085,6.0,1.0021,3.3,0.68,12.7,41.0
95,4.7,0.6,0.17,2.3,0.058,17.0,0.9932,3.85,0.6,12.9,89.0
488,11.6,0.32,0.55,2.8,0.081,35.0,1.0002,3.32,0.92,10.8,32.0
1371,7.5,0.58,0.56,3.1,0.153,5.0,0.99476,3.21,1.03,11.6,9.0
464,11.5,0.315,0.54,2.1,0.084,5.0,0.9987,2.98,0.7,9.2,10.0
401,7.7,0.26,0.3,1.7,0.059,20.0,0.9949,3.29,0.47,10.8,18.0
492,8.9,0.4,0.51,2.6,0.052,13.0,0.995,3.32,0.9,13.4,14.0
1286,7.1,0.16,0.44,2.5,0.068,17.0,0.99328,3.35,0.54,12.4,14.0
273,8.4,0.715,0.2,2.4,0.076,10.0,0.99735,3.31,0.64,9.4,28.0
1492,6.2,0.65,0.06,1.6,0.05,6.0,0.99348,3.57,0.54,11.95,12.0
742,6.5,0.615,0.0,1.9,0.065,9.0,0.9972,3.46,0.65,9.2,9.0
304,8.4,0.65,0.6,2.1,0.112,12.0,0.9973,3.2,0.52,9.2,78.0
1265,7.2,0.57,0.05,2.3,0.081,16.0,0.99564,3.38,0.6,10.3,20.0
229,6.9,0.52,0.25,2.6,0.081,10.0,0.99685,3.46,0.5,11.0,27.0
235,7.2,0.63,0.0,1.9,0.097,14.0,0.99675,3.37,0.58,9.0,24.0
915,8.6,0.315,0.4,2.2,0.079,3.0,0.99512,3.27,0.67,11.9,3.0
591,6.6,0.39,0.49,1.7,0.07,23.0,0.9922,3.12,0.5,11.5,126.0
265,11.8,0.26,0.52,1.8,0.071,6.0,0.9968,3.2,0.72,10.2,4.0
661,7.5,0.42,0.31,1.6,0.08,15.0,0.9978,3.31,0.64,9.0,27.0
16,8.5,0.28,0.56,1.8,0.092,35.0,0.9969,3.3,0.75,10.5,68.0
612,7.5,0.64,0.0,2.4,0.077,18.0,0.9965,3.32,0.6,10.0,11.0
1565,6.7,0.67,0.02,1.9,0.061,26.0,0.99489,3.39,0.82,10.9,16.0
624,6.8,0.69,0.0,5.6,0.124,21.0,0.9997,3.46,0.72,10.2,37.0
1038,8.7,0.41,0.41,6.2,0.078,25.0,0.9953,3.24,0.77,12.6,17.0
946,10.2,0.44,0.58,4.1,0.092,11.0,0.99745,3.29,0.99,12.0,13.0
171,8.0,0.42,0.17,2.0,0.073,6.0,0.9972,3.29,0.61,9.2,12.0
1528,7.9,0.29,0.49,2.2,0.096,21.0,0.99714,3.31,0.67,10.1,38.0
909,7.3,0.305,0.39,1.2,0.059,7.0,0.99331,3.29,0.52,11.5,4.0
87,7.7,0.49,0.26,1.9,0.062,9.0,0.9966,3.39,0.64,9.6,22.0
1125,8.8,0.24,0.35,1.7,0.055,13.0,0.99394,3.14,0.59,11.3,14.0
566,8.7,0.7,0.24,2.5,0.226,5.0,0.9991,3.32,0.6,9.0,10.0
165,7.8,0.63,0.48,1.7,0.1,14.0,0.9961,3.19,0.62,9.5,82.0
289,11.6,0.42,0.53,3.3,0.105,33.0,1.001,3.2,0.95,9.2,65.0
1002,9.1,0.29,0.33,2.05,0.063,13.0,0.99516,3.26,0.84,11.7,14.0
108,8.0,0.33,0.53,2.5,0.091,18.0,0.9976,3.37,0.8,9.6,62.0
1478,7.1,0.875,0.05,5.7,0.082,3.0,0.99808,3.4,0.52,10.2,11.0
413,9.9,0.4,0.53,6.7,0.097,6.0,0.9986,3.27,0.82,11.7,13.0
1,7.8,0.88,0.0,2.6,0.098,25.0,0.9968,3.2,0.68,9.8,42.0
335,11.9,0.695,0.53,3.4,0.128,7.0,0.9992,3.17,0.84,12.2,14.0
705,8.4,1.035,0.15,6.0,0.073,11.0,0.999,3.37,0.49,9.9,43.0
1592,6.3,0.51,0.13,2.3,0.076,29.0,0.99574,3.42,0.75,11.0,11.0
1101,7.4,0.49,0.27,2.1,0.071,14.0,0.99388,3.35,0.63,12.0,11.0
1591,5.4,0.74,0.09,1.7,0.089,16.0,0.99402,3.67,0.56,11.6,10.0
